/*
SQLyog Professional v12.5.1 (64 bit)
MySQL - 10.2.17-MariaDB : Database - u818239275_strg
*********************************************************************
*/

/*!40101 SET NAMES utf8 */;

/*!40101 SET SQL_MODE=''*/;

/*!40014 SET @OLD_UNIQUE_CHECKS=@@UNIQUE_CHECKS, UNIQUE_CHECKS=0 */;
/*!40014 SET @OLD_FOREIGN_KEY_CHECKS=@@FOREIGN_KEY_CHECKS, FOREIGN_KEY_CHECKS=0 */;
/*!40101 SET @OLD_SQL_MODE=@@SQL_MODE, SQL_MODE='NO_AUTO_VALUE_ON_ZERO' */;
/*!40111 SET @OLD_SQL_NOTES=@@SQL_NOTES, SQL_NOTES=0 */;
CREATE DATABASE /*!32312 IF NOT EXISTS*/`u818239275_strg` /*!40100 DEFAULT CHARACTER SET utf8 COLLATE utf8_unicode_ci */;

USE `u818239275_strg`;

/*Table structure for table `activations` */

DROP TABLE IF EXISTS `activations`;

CREATE TABLE `activations` (
  `id` int(10) unsigned NOT NULL AUTO_INCREMENT,
  `user_id` int(10) unsigned NOT NULL,
  `code` varchar(255) COLLATE utf8_unicode_ci NOT NULL,
  `completed` tinyint(1) NOT NULL DEFAULT 0,
  `completed_at` timestamp NULL DEFAULT NULL,
  `created_at` timestamp NULL DEFAULT NULL,
  `updated_at` timestamp NULL DEFAULT NULL,
  PRIMARY KEY (`id`)
) ENGINE=InnoDB AUTO_INCREMENT=3 DEFAULT CHARSET=utf8 COLLATE=utf8_unicode_ci;

/*Data for the table `activations` */

insert  into `activations`(`id`,`user_id`,`code`,`completed`,`completed_at`,`created_at`,`updated_at`) values 
(1,1,'HLDMPp1gUd461UpPuwzeXxSpyA9AvkDv',1,'2017-01-23 02:21:08','2017-01-23 02:21:08','2017-01-23 02:21:08'),
(2,2,'smPyIIAs4KTH1SIJK2AavsDTSlWTj0dA',1,'2017-01-23 02:21:09','2017-01-23 02:21:09','2017-01-23 02:21:09');

/*Table structure for table `barang` */

DROP TABLE IF EXISTS `barang`;

CREATE TABLE `barang` (
  `kode` varchar(255) COLLATE utf8_unicode_ci NOT NULL,
  `nmbarang` varchar(255) COLLATE utf8_unicode_ci NOT NULL,
  `kategori_id` int(10) unsigned NOT NULL,
  `merk_id` int(10) unsigned NOT NULL,
  `satuan_id` int(10) unsigned NOT NULL,
  `stock` int(11) NOT NULL,
  `harga_beli` int(11) NOT NULL DEFAULT 0,
  `expire` date DEFAULT NULL,
  `ket` varchar(255) COLLATE utf8_unicode_ci DEFAULT NULL,
  `created_at` timestamp NULL DEFAULT NULL,
  `updated_at` timestamp NULL DEFAULT NULL,
  PRIMARY KEY (`kode`)
) ENGINE=InnoDB DEFAULT CHARSET=utf8 COLLATE=utf8_unicode_ci;

/*Data for the table `barang` */

insert  into `barang`(`kode`,`nmbarang`,`kategori_id`,`merk_id`,`satuan_id`,`stock`,`harga_beli`,`expire`,`ket`,`created_at`,`updated_at`) values 
('   ALKOHOL','ALKOHOL ANTISEPTIK 70%, 20 L',1,42,6,7,0,'2018-02-02','','2017-03-08 02:18:10','2017-03-08 02:18:10'),
(' 300.HAN.00028','MASKER EARLOOP JILBAB 2 PLAY',6,64,1,40,0,'2019-02-02','','2018-03-21 10:37:08','2018-03-21 10:37:08'),
('02.1669.00','FORCEP FOR MICROSCOPY,SS,L:120mm',1,17,3,1,0,'2019-02-02','','2018-07-16 11:20:11','2018-07-16 11:20:11'),
('04.1418.00','SPATULA W/SPOON,SS,L :120 mm',1,17,3,1,0,'2019-02-02','','2018-07-16 11:22:12','2018-07-16 11:22:12'),
('04379012001','Trancriptor First Strand cDNA Synthesis KIt 50rx/kit',1,9,7,2,0,'2018-01-02','','2017-01-24 04:05:44','2017-01-24 04:05:44'),
('04929292001','LighCycler Capillaries (20ul), Contain 5 Boxes ,each 96 capilliries&stopers',1,9,1,1,0,'2018-01-02','','2017-01-24 04:11:11','2017-01-24 04:11:11'),
('1-4658-14','Bottle, Wide mouth ,HDPE, 500ml',6,28,3,20,0,'2018-01-02','','2017-01-30 01:30:14','2017-01-30 03:41:13'),
('1.009.832.500','Ethanol Absolut Gr, 2,5L',3,7,2,0,0,'2018-01-02','','2017-01-26 02:16:07','2017-01-26 02:16:07'),
('1.049.361.000','Phostasium Chlorida Gr 1kg A.R',3,7,2,1,0,'2018-01-02','','2017-01-26 04:24:23','2017-01-26 04:24:23'),
('1.050.330.500','Postasium Hydroxide Pellets, 500g',3,7,5,400,0,'2018-01-02','','2017-01-26 04:29:32','2017-01-26 04:29:32'),
('1.062.680.250','Sodium Accetate Anhydrous Gr 1kg A.R',3,7,2,1,0,'2018-01-02','','2017-01-26 04:16:13','2017-01-26 04:16:13'),
('1.063.920.500','Sodium Carbonate 50g',3,7,2,1,0,'2018-01-02','','2017-01-26 04:05:40','2017-01-26 04:05:40'),
('1.063.921.000','Sodium Carbonate Anhydrous',3,7,5,300,0,'2018-01-02','','2017-01-26 04:13:57','2017-01-26 04:13:57'),
('1.06329.0500','Sodium Hydrogen Carbonate',3,7,5,200,0,'2018-01-02','','2017-01-26 04:09:24','2017-01-26 04:09:24'),
('1.06346.0500','Sodium Dihydrogen  Phosphate Monohydrate',3,7,5,300,0,'2018-01-02','','2017-01-26 04:21:56','2017-01-26 04:21:56'),
('1.06578.1000','Tri Sodium Phosphate Gr 1kg A.R',3,7,5,800,0,'2018-01-02','','2017-01-26 04:18:50','2017-01-26 04:18:50'),
('1.08342.1000','Glukosa 1000gr',3,7,5,900,0,'2018-01-02','','2017-01-26 04:11:01','2017-01-26 04:11:01'),
('1.08418.1000','Triplex III (EDTA). 1kg',3,7,4,1,0,'2018-01-02','','2017-01-26 02:12:37','2017-01-26 02:12:37'),
('1000BK100','Beake,low form,100ml',6,31,3,11,0,'2018-02-02','','2017-02-01 02:57:10','2017-02-01 02:58:03'),
('1000BK1000','Beake,low form,1000ml',6,31,3,8,0,'2018-02-02','','2017-02-01 03:06:06','2017-02-01 03:06:06'),
('1000BK250','Beake,low form,250ml',6,31,3,9,0,'2018-02-02','','2017-02-01 03:00:50','2017-02-01 03:00:50'),
('1000BK300','Beake,low form,300ml',6,31,3,9,0,'2018-02-02','','2017-02-01 03:08:06','2017-02-01 03:08:06'),
('1000BK500','Beake,low form,500ml',6,31,3,9,0,'2018-02-02','','2017-02-01 03:03:16','2017-02-01 03:03:16'),
('1010-060','Culture Disch',6,31,1,7,0,'2018-02-02','','2017-02-01 04:14:27','2017-02-01 04:14:27'),
('10270 0500','Fetal Bovine Serum ,100ml',1,5,2,2,0,'2018-01-02','','2017-01-24 02:56:19','2017-01-24 02:56:19'),
('10572014','PCR SUPERMIX 100 Reactions',1,1,7,0,0,'2018-01-02','','2017-01-24 03:19:03','2017-08-08 04:16:23'),
('1060092500','Methanol 2 ltr',1,7,2,0,0,'2019-02-02','','2018-03-26 09:46:16','2018-03-26 09:46:16'),
('1070460','Laboratory Bottles 100 ml, Blue Scew cap',6,32,3,31,0,'2018-02-02','','2017-02-01 06:16:30','2017-02-01 06:17:35'),
('1070461','Laboratory Bottles 250 ml, Blue Scew cap',6,32,3,29,0,'2018-02-02','','2017-02-01 06:19:18','2017-02-01 06:19:18'),
('1070462','Laboratory Bottles 500 ml, Blue Scew cap',6,32,3,113,0,'2018-02-02','','2017-02-01 06:29:16','2017-02-01 06:29:16'),
('1092040100','GEIMSA',1,7,2,1,0,'2018-01-02','','2017-01-24 03:26:59','2017-01-24 03:26:59'),
('1092040500','Giemsa Azur Eosin Methylene Blue Sol. For Miscropy 500ml',3,7,2,1,0,'2018-01-02','','2017-01-26 04:27:17','2017-01-26 04:27:17'),
('109261','LARUTAN LUGO',1,7,2,0,0,'2020-02-02','','2018-11-26 11:40:55','2018-11-26 11:40:55'),
('109535','PH Universal',6,7,1,0,0,'2018-02-02','','2017-02-02 03:17:27','2017-02-02 03:17:27'),
('10977023','Destilled Water (Ultra Pure) 10x500ml',1,1,2,7,0,'2018-01-02','','2017-01-24 03:23:20','2017-01-24 03:23:20'),
('110-03','JP Bottle, Wide mouth ,PP, 250ml',6,28,3,12,0,'2018-01-02','','2017-01-30 03:49:37','2017-01-30 03:49:37'),
('1101-04','JP Bottle, Wide mouth ,PP, 500ml',6,28,3,5,0,'2018-01-02','','2017-01-30 03:46:59','2017-01-30 03:46:59'),
('11796828001','High pure PCR  Temp.PREP kit, EO/0/17,5',1,9,8,1,0,'2018-01-02','','2017-01-24 04:20:51','2017-01-24 04:23:30'),
('11828665001','High Pure RNA Isolation Kit, 50rx /kit',1,9,7,2,0,'2018-01-02','','2017-01-24 04:01:24','2017-01-24 04:01:24'),
('12183018a','Purelink RNA  Mini Kit PREPS',1,3,7,1,0,'2018-01-02','','2017-01-24 02:51:25','2017-01-24 02:51:25'),
('15025','Urine Analyzer (Humased 25mix)',5,26,9,1,0,'2018-01-02','','2017-01-26 06:05:28','2017-01-26 06:05:28'),
('150288','Nuclon TC Disk',6,43,1,1,0,'2018-02-02','','2017-02-02 04:50:06','2017-02-02 04:50:06'),
('15585-011','Ethidium bromide solution',1,1,3,1,0,'2018-02-02','','2018-01-10 01:58:48','2018-01-10 01:58:48'),
('160272','Cotton Swab + Plastic Stick Gamma Sterile 500 pcs/pack #2122-0022',6,45,3,158,0,'2018-02-02','','2017-02-02 05:08:43','2018-01-10 02:03:09'),
('167300-22','Rocker 300 Vaccum Pump',5,24,10,1,0,'2018-01-02','','2017-01-26 05:59:05','2017-01-26 05:59:05'),
('17600','Diagnostic Set LED (Cobilazer)',5,26,9,1,0,'2018-01-02','','2017-01-26 06:08:16','2017-01-26 06:08:16'),
('20025 100 ','Amphoterisin B, 100 ml',1,12,4,2,0,'2018-01-02','','2017-01-24 06:29:31','2017-01-24 06:30:29'),
('210212','Qiagen One Step RT PCR KIT',1,15,7,1,0,'2017-01-02','','2017-01-24 06:48:54','2017-01-24 06:48:54'),
('21802545','Laboratory Bottles, 1000ml ,Blue  Screw Cap',6,32,3,8,0,'2018-02-02','','2017-02-02 02:06:19','2018-01-10 03:12:22'),
('220217','10 ul Disposible Loop, 1000pcs/box',6,37,1,18,0,'2018-02-02','','2017-02-02 04:54:17','2017-03-29 02:19:30'),
('2343-050','Centrifuge tubes Rack, 50ml Potyform Rack, PP (25Pcs/Pack)',6,31,1,1,0,'2018-02-02','','2017-02-01 02:49:42','2017-02-01 02:49:42'),
('2345-050','Centrifuge tubes  50ml (10Pcs/Pack)',6,31,1,0,0,'2018-02-02','','2017-02-01 02:54:05','2017-02-01 02:54:05'),
('235474-5G','Acridine orange  base',1,10,2,0,0,'2018-02-02','','2017-05-22 04:25:09','2017-05-22 04:25:09'),
('2400-0001-02','Cell Spreader, Length 215 mm. Blade Width 60mm, 100/pack.',6,47,3,10,0,'2018-02-02','','2017-03-23 02:42:51','2017-03-23 02:42:51'),
('250 Duran group','Laboratory Bottle 250',6,62,3,10,0,'2018-02-02','','2018-01-10 03:01:53','2018-01-10 03:11:29'),
('2722-002','Cryogenik Vials,2.0 ml, round bottom (50pcs/pack)',6,31,1,1,0,'2017-02-02','','2017-02-01 04:01:54','2017-02-01 04:01:54'),
('3000-035x','Culture Disch',6,33,1,0,0,'2018-02-02','','2017-02-02 02:15:11','2018-01-10 02:04:13'),
('3022-10-N','Cylinder, amber grad,10 ml',6,32,3,8,0,'2018-03-02','','2017-04-05 02:31:33','2017-04-05 02:31:33'),
('3022-100N','Cylinder,Amber Grad ,100ml',6,31,3,6,0,'2018-02-02','','2017-02-01 03:10:31','2017-02-01 03:10:31'),
('3022-500N','Cylinder,Amber Grad ,500ml',6,31,3,3,0,'2018-02-02','','2017-02-01 03:12:03','2017-02-01 03:12:03'),
('3041-02','Disposible',6,28,1,5,0,'2018-01-02','','2017-01-30 01:23:19','2018-01-10 02:04:55'),
('3100-025 ','Tissue Culture Flaks , Treated 70 ml (10 pcs/pack)',6,31,1,26,0,'2018-02-02','','2017-02-01 02:51:23','2017-02-01 02:51:23'),
('31800  014','RPMI (10x1) L',1,5,3,5,0,'2018-01-02','','2017-01-24 03:00:01','2017-01-24 03:00:01'),
('352070','Centrifuge Tube , 50ml, 30x115mm PP.',6,35,1,21,0,'2018-01-02','','2017-02-06 07:09:01','2018-01-10 02:05:33'),
('352096','Centrifuge Tube , 15ml, PP (50)',6,35,1,9,0,'2018-02-02','','2017-02-02 03:51:47','2017-02-02 03:51:47'),
('353047','Plate 24 Well , TC F-Btm W/Lid PS',6,35,3,59,0,'2018-02-02','','2017-02-02 03:20:47','2018-01-10 02:07:30'),
('353072','Plate 96 Well , TC F-Btm W/Lid PS',6,35,3,6,0,'2018-02-02','','2017-02-02 03:24:00','2018-01-10 02:07:50'),
('365548-5G','Direct Red 80',1,10,3,0,0,'2018-02-02','','2017-11-27 04:45:24','2017-11-27 04:45:24'),
('367292','Wing Needle, 50bh/Box',6,37,8,8,0,'2018-02-02','Berlebih Stengah bx','2017-02-02 04:26:45','2017-02-02 04:26:45'),
('367812','Vacutainer 3ml ,Serum,Plain.100bh/BOX',6,37,8,8,0,'2018-02-02','','2017-02-02 04:08:11','2017-02-02 04:23:06'),
('367856','Vacutainer 3ml , EDTA.100bh/BOX',6,37,8,1,0,'2018-02-02','','2017-02-02 04:01:39','2017-02-02 04:08:43'),
('367957','Vacutainer 3ml ,Gel,Plain.100bh/Box',6,37,8,1,0,'2018-02-02','','2017-02-02 04:17:50','2018-01-10 02:08:31'),
('3810-006','Multi Well Plate , Treated, 6 well, Flat bottom',6,31,3,12,0,'2018-02-02','','2017-02-01 04:04:13','2018-01-10 02:09:20'),
('3815-012','Multi Well Plate , Treated, 12 well, Flat for tissue culture',6,31,3,17,0,'2018-02-02','','2017-02-01 04:09:17','2018-01-10 02:09:47'),
('3860-096','Multi Well Plate , Treated, 96 well, Flat for tissue culture',6,31,3,0,0,'2018-02-02','','2017-02-01 04:11:07','2017-02-01 04:11:07'),
('4000-0603','Makarty Tube 125pcs/pack',6,38,1,1,0,'2018-02-02','','2017-02-02 04:32:20','2017-02-02 04:32:20'),
('4040002','Laboratory Bottle',6,33,3,30,0,'2018-02-02','','2018-01-10 02:50:33','2018-01-10 02:50:33'),
('4060FK200','Boiling Flaks, Flat bottom, Narrow Neck',6,31,3,5,0,'2018-02-02','','2017-02-01 03:40:38','2017-02-01 03:40:38'),
('408810020','DEPC Biochemica 20 ml',1,2,2,1,0,'2018-01-02','','2017-01-24 02:10:19','2017-01-24 02:57:35'),
('41003-Biotium+','GELRED NUCLEIC ACID STAIN.10.000 x IN WATER, 0,5ML',3,49,3,0,0,'2018-01-02','','2017-02-06 07:47:18','2017-02-06 07:47:18'),
('430659','Cryo Tube, 2.0,ss,ext,pp,50pcs/pack',6,22,1,1,0,'2018-01-02','','2017-01-30 04:03:58','2017-01-30 04:03:58'),
('430791','Centrifuge Tube , 15ml, PP (25 pcs/pack)',6,22,1,0,0,'2018-01-02','','2017-02-09 02:21:51','2017-02-09 02:21:51'),
('4320-0512','Pasteurpipete Plastik,100pcs',6,47,1,5,0,'2018-01-02','','2017-01-30 03:58:45','2017-01-30 03:59:43'),
('45638-250MG','Propamocard Pestanal',1,10,10,1,0,'2018-02-02','','2017-09-06 02:09:42','2017-09-06 02:09:42'),
('45653','Quintozene',1,10,3,1,0,'2018-02-02','','2017-11-27 04:47:04','2017-11-27 04:47:04'),
('4980-250N','Erlemeyer Flaks,250ml',6,31,3,8,0,'2018-02-02','','2017-02-01 03:32:03','2017-02-01 03:32:03'),
('4980FK100','ERLEMEYER FLASK,100',6,31,2,0,0,'2019-02-02','','2018-10-22 09:35:15','2018-10-22 09:35:15'),
('4980FK500','Erlemeyer Flaks,500ml',6,31,3,8,0,'2018-02-02','','2017-02-01 03:34:27','2018-01-10 02:10:44'),
('4985FK500-33','Erlemeyer Flaks,500ml wiyh Scvrew cap',6,31,3,5,0,'2018-02-02','','2017-02-01 03:28:45','2018-01-10 02:12:15'),
('5-002-52','Bottle, Wide mouth ,PP, 100ml',6,28,3,15,0,'2018-01-02','','2017-01-30 03:52:20','2017-01-30 03:52:20'),
('5-002-53','Bottle, Wide mouth ,PP, 250ml',6,28,3,18,0,'2018-01-02','','2017-01-30 03:55:06','2017-01-30 03:55:06'),
('500 Duran grup','Laboratory Bottle 500',6,62,3,10,0,'2018-02-02','','2018-01-10 03:03:46','2018-01-10 03:11:48'),
('500BOT10865','BOTOL COKLAT + TUTUP 500 ML',6,63,3,0,0,'2019-02-02','','2018-03-21 09:45:18','2018-03-21 09:45:18'),
('5058-46','Petridish 20X100mm',6,33,3,37,0,'2018-02-02','','2018-01-10 02:15:07','2018-01-10 02:15:07'),
('5058548','Petri Dish 100x15ml',6,33,3,22,0,'2018-02-02','','2017-02-02 02:13:03','2018-01-10 02:13:06'),
('51304','QIAamp DNA Mini KIT (50rx)',1,15,7,0,0,'2018-02-02','','2017-03-09 02:05:18','2017-03-09 02:05:18'),
('51504','Qiam DNA stool',1,15,9,1,0,'2018-01-02','','2017-01-24 06:42:17','2017-01-24 06:42:17'),
('52050','Centrifuge Tube Rack/ Conical Rack, 50ml',6,39,10,8,0,'2018-02-02','','2017-02-02 04:42:08','2017-02-02 04:42:08'),
('5426015','Pasteur Pipette , w/o Buld, L :150 mm (250pcs/pack)',6,33,1,2,0,'2018-02-02','','2017-02-23 03:27:41','2017-02-23 03:27:41'),
('5426023','Pasteur Pipete,250 pcs/pack',6,33,1,0,0,'2018-02-02','','2017-02-02 02:21:36','2017-02-02 02:21:36'),
('5470005A','Microskop Glass',6,33,1,7,0,'2018-02-02','','2017-02-02 02:24:42','2017-02-02 02:24:42'),
('5645-100','Flask Volume',6,33,3,2,0,'2018-02-02','','2017-02-02 02:08:30','2017-02-02 02:08:30'),
('5645-1000','Flask Volume',6,33,3,1,0,'2018-02-02','','2017-02-02 02:10:35','2017-02-02 02:10:35'),
('60-0082','Flat Cap PCR Tubes, 0,2ml 1000Tube/Pack',6,34,1,4,0,'2018-02-02','','2017-03-27 03:42:42','2017-03-27 03:42:42'),
('65502-100G','Guaiacol ',1,10,3,0,0,'2018-10-02','','2017-11-27 04:20:29','2017-11-27 04:20:29'),
('6766','Mini Microcentriofuge',5,22,10,1,0,'2018-01-02','','2017-01-26 05:45:11','2017-01-26 05:45:11'),
('6766HS','High Speed Microcentrifuge',5,22,10,1,0,'2018-01-02','','2017-01-26 05:57:22','2017-01-26 05:57:22'),
('6776','Vortex Mixer',5,22,10,1,0,'2018-01-02','','2017-01-26 05:43:55','2017-01-26 05:43:55'),
('6798 420D','Stirring - HOT Plate',5,22,10,1,0,'2018-01-02','','2017-01-26 05:46:56','2017-01-26 05:46:56'),
('72210-5G','Neutral Red ',1,10,3,0,0,'2018-02-02','','2017-06-03 02:16:07','2017-06-03 02:16:07'),
('73200','Amies Gel  With Charcoal medium. Black Cap',1,54,3,0,0,'2016-01-28','','2017-03-09 03:18:56','2017-03-09 03:18:56'),
('76104','RNAlater RNA Stabiization Reagent 50ml',1,15,9,1,0,'2018-01-02','','2017-01-24 06:40:55','2017-01-24 06:40:55'),
('80096','PCR tube Rackpp, 8X12 (96HOLES)',3,39,1,5,0,'2018-01-07','','2017-02-07 03:22:13','2017-02-07 03:28:51'),
('81-0000','Srew With , O-Ring 500pcs/pack',6,34,1,1,0,'2018-02-02','','2017-02-02 02:30:40','2017-02-02 02:30:40'),
('81-0154','1,5ml Self-Standing, Screwcap Micro tube, 500Pcs/Pack',6,34,1,1,0,'2018-02-02','','2017-02-02 02:28:27','2017-02-02 02:28:27'),
('81-1010','Safeguard Filter Tips 1-10ul,  white',6,30,3,7,0,'2018-02-02','','2017-02-01 02:37:33','2017-02-01 02:42:04'),
('81-1040','Safeguard Filter Tips 1-200ul,  Yellow',6,30,3,7,0,'2018-02-02','','2017-02-01 02:40:07','2017-02-01 02:40:07'),
('81-1050','Safeguard Filter Tips 100-1000ul,  Blue',6,30,3,9,0,'2018-02-02','','2017-02-01 02:45:22','2017-02-01 02:45:22'),
('8170341000','Sodium Dodecyl Sulfate',3,7,2,1,0,'2018-01-02','','2017-01-26 04:31:19','2017-01-26 04:31:19'),
('82702 100','Trypsin EDTA 0,25% Solution,100 ml',1,12,2,1,0,'2018-01-02','','2017-01-24 06:32:34','2017-01-24 06:32:34'),
('88-3200','Criyogenic Vial 2,0 ml, White,O-ring external srewcaps 25, Vial/Pack',6,34,1,3,0,'2018-02-02','','2017-03-27 03:48:29','2018-01-10 02:16:24'),
('88-3201','Criyogenic Vial 2,0 ml, Red,O-ring external srewcaps 25, Vial/Pack',6,34,1,2,0,'2018-02-02','','2017-03-27 03:49:55','2017-03-27 03:49:55'),
('88-3202','Criyogenic Vial 2,0 ml, Green,O-ring external srewcaps 25, Vial/Pack',6,34,1,8,0,'2018-02-02','','2017-03-27 03:51:29','2017-03-27 03:51:29'),
('88-3203','Criyogenic Vial 2,0 ml,Blue,O-ring external srewcaps 25, Vial/Pack',6,34,1,3,0,'2018-02-02','','2017-03-27 03:53:28','2017-03-27 03:53:28'),
('88-3204','Criyogenic Vial 2,0 ml, Yellow,O-ring external srewcaps 25, Vial/Pack',6,34,1,1,0,'2018-02-02','','2017-03-27 03:55:45','2017-03-27 03:55:45'),
('90-9081','81-Well Polypropylene ,Crygenic Frezeer 5 pcs/box',6,34,1,9,0,'2018-02-02','','2017-02-02 02:34:36','2017-02-24 03:03:47'),
('9020-250','Cell Scaper, Steriled,Foi FK25 & 75 Cm2 (25 pcs/pack)',6,31,3,20,0,'2018-02-02','','2017-02-01 03:49:19','2017-02-01 03:49:19'),
('9820TST13-75N','Test Tube ,Without Rim 5 ml',6,31,3,100,0,'2018-02-02','','2017-02-01 06:11:22','2017-02-01 06:11:22'),
('9820TST15-105','Test Tube ,Without Rim 10 ml',6,31,3,28,0,'2018-02-02','','2017-02-01 04:21:14','2017-02-01 04:21:14'),
('9820TST15NP','Test Tube ,W/o OD 16 x L 125 (mm)',6,31,3,88,0,'2018-02-02','','2017-02-01 04:26:21','2018-08-07 10:17:07'),
('9820TST16-125','Test Tube ,W/o OD 16 x L 125 (mm)',6,31,3,124,0,'2018-02-02','','2017-02-01 04:23:55','2017-02-01 04:23:55'),
('9826-16xx','Test Tube , Screw Cap Phyrex USA  16x100mm',6,37,3,0,0,'2018-02-02','','2017-02-02 03:56:55','2018-01-10 02:17:43'),
('9998CAP15-15','Screw Cap For Test Tube',6,31,3,0,0,'2018-02-02','','2017-02-01 05:32:14','2018-01-10 02:18:17'),
('A108-0100-phy','ALGANIC ACID ,100G',1,2,5,75,0,'2018-01-02','','2017-02-22 03:01:54','2017-03-09 02:34:04'),
('A1120','Wizard Genemic DNA',1,13,7,0,0,'2018-01-02','','2017-01-24 06:35:54','2017-01-24 06:35:54'),
('A13910050','Bovine Serum Albumin Fraction V,50g',1,2,3,0,0,'2018-01-02','','2017-01-24 02:16:48','2017-01-24 02:57:49'),
('A2940 0500','Boric Acid, 500gr',3,2,5,350,0,'2018-01-02','','2017-01-24 02:37:51','2018-01-10 01:53:34'),
('A2942 20Ml','Amphotericin B solution,250ug/ML',1,10,9,3,0,'2018-01-02','','2017-01-24 04:34:22','2017-01-24 04:34:22'),
('A3670 0500','Calcium laktat ,500gr',3,2,5,400,0,'2018-01-02','','2017-01-24 02:35:46','2018-01-10 01:53:59'),
('A4082-0001','COLCHICINE BIOCHEMICA, 1G',1,50,3,1,0,'2018-02-02','','2017-09-27 06:35:03','2017-09-27 06:35:03'),
('A41490500','Water Cell Culture Grade 500ml',1,2,2,1,0,'2018-01-02','','2017-01-24 02:21:47','2017-01-24 02:21:47'),
('A467 500','Tri Sodium Crate, Univar 500gr',3,20,5,455,0,'2018-01-02','','2017-01-25 06:29:25','2017-01-25 06:29:25'),
('A6284-0100','CetylTrimethyammonium Bromide',3,2,2,0,0,'2018-01-02','','2017-02-07 03:18:16','2017-02-07 03:18:16'),
('A7398.0500','Water Molekuler Biologuy Grade 500ml',3,2,2,1,0,'2018-01-02','','2017-01-24 02:26:41','2018-01-10 01:54:33'),
('AB-0624','24 well PCR Plate',6,11,1,3,0,'2018-02-02','','2017-02-01 02:46:59','2018-01-10 02:18:44'),
('ALKALINITY','ALKALINITY TES KIT',4,61,7,2,0,'2018-02-02','','2018-01-10 02:36:21','2018-01-10 02:36:21'),
('ALKOHOL 96','ALKOHOL96%',1,42,6,0,0,'2018-02-18','','2017-04-18 01:45:48','2018-11-26 11:55:57'),
('ALKOHOL LAMP','ALKOHOL LAMP',2,42,10,0,0,'2018-02-02','','2017-08-18 02:49:29','2017-08-18 02:49:29'),
('AMMONIA','AMMONIA TES KIT',4,61,7,5,0,'2018-02-02','','2018-01-10 02:33:49','2018-01-10 02:33:49'),
('AN0025A','Anaerogen 2,5 L',1,8,3,0,0,'2018-02-02','','2017-03-17 02:30:48','2017-03-17 02:30:48'),
('Aqd','Aquades',6,42,6,13,0,'2018-02-02','','2017-02-02 04:48:16','2018-01-10 02:19:26'),
('Aqua','AquaPro Injection, 500ml',6,42,2,0,0,'2019-07-02','','2018-07-26 08:29:04','2018-10-29 10:25:02'),
('B49','TAE Electrophoreasis Buffer 1L',1,11,2,1,0,'2018-02-02','','2017-03-08 04:22:46','2017-03-08 04:22:46'),
('B52','10X TBE  Electrophoresis Buffer (Tris-Borate-EDTA) 1L',3,11,3,0,0,'2018-02-02','','2017-02-06 03:44:42','2017-02-06 03:44:42'),
('BBS-V500','Vertikal Laminar Flow Cabinet',5,57,3,1,0,'2018-02-02','','2017-08-08 02:20:55','2017-08-08 02:20:55'),
('BC0096','Glutation Peroxidase',4,21,7,0,0,'2018-02-02','','2017-08-04 02:59:50','2017-08-04 02:59:50'),
('Benedist','BENEDIST',2,42,3,1,0,'2018-02-02','','2017-08-18 02:41:17','2017-08-18 02:41:17'),
('BIO-25047','MyTaq HS Red MIX,2X 200 REACTION',1,59,7,0,0,'2019-02-02','','2018-03-21 11:12:13','2018-07-17 11:01:56'),
('BIO-86005','SensiFAST Probe No-ROX Kit 500 rxns',4,59,7,0,0,'2018-02-02','','2017-09-06 02:35:27','2017-09-06 02:35:27'),
('BIOBASE-EL10A','ELISA MICROPLATE READER (With PRINTER)',5,57,3,1,0,'2018-02-02','','2017-08-08 02:23:13','2017-08-08 02:23:13'),
('BKB','Bidan Kit Besar',2,18,8,1,0,'2018-01-02','','2017-01-25 03:11:16','2017-01-25 03:11:16'),
('BKK','Bidan Kit Kecil',2,18,8,1,0,'2018-01-02','','2017-01-25 03:10:13','2017-01-25 03:10:13'),
('BOTOL','SOLVENT A 1LITER',6,42,3,5,0,'2018-02-02','','2017-08-08 02:45:52','2017-08-08 02:45:52'),
('BOX','BOX GEL',2,56,8,4,0,'2018-02-02','','2017-06-20 01:53:50','2017-06-20 01:53:50'),
('BPJX-103B','Thermostatic Shaking Incubator',5,57,3,1,0,'2018-02-02','','2017-08-08 02:18:51','2017-08-08 02:18:51'),
('BR0055B','ANAEROBIC INDICATOR',1,8,3,0,0,'2017-02-02','','2017-04-04 04:19:08','2017-04-04 04:19:08'),
('BTL. 1L','BOTOL SEGEL 1L (PLASTIK)',6,42,3,11,0,'2017-02-02','','2017-03-08 02:14:17','2017-03-08 02:14:17'),
('C10030','0,2ml PCR 8-strip tubes with attached cap, clear 12strips/bag, 10 bags/case',6,58,1,0,0,'2018-02-02','','2017-08-16 02:43:25','2017-08-16 02:43:25'),
('C9879','Collagen tipe',1,10,3,1,0,'2018-01-02','','2017-01-24 06:47:00','2017-01-24 06:47:00'),
('CAP For Bottle','Cap for bottle threaded',6,62,3,100,0,'2018-02-02','','2018-01-10 02:55:49','2018-01-10 02:55:49'),
('CARBON LOKAL','CARBON AKTIF GRANUL ',1,42,5,0,0,'2018-02-02','','2017-03-29 03:20:34','2018-01-10 01:55:06'),
('CM0003B','Nutrien Agar 500g',1,8,5,0,0,'2018-01-03','','2017-01-24 03:33:51','2017-05-26 01:37:17'),
('CM0007B','MACCONKEY AGAR',1,8,2,1,0,'2018-02-02','','2017-12-13 06:44:32','2018-01-10 01:40:47'),
('CM0041B','sabouraud dextrose agar',1,8,2,1,0,'2019-02-02','','2017-08-04 02:30:20','2018-10-29 10:06:29'),
('CM0055B','BLOOD AGAR BASE ,500G',1,8,2,2,0,'2017-02-02','','2017-05-17 01:41:13','2017-05-17 01:41:13'),
('CM0155B','SIMMONS CITRATE AGAR 50G',1,8,2,1,0,'2018-02-02','','2017-12-13 06:49:52','2018-01-10 01:41:09'),
('CM0277B','TRIPLE SUGAR IRON AGAR 500G',1,8,2,1,0,'2018-02-02','','2017-12-13 06:51:45','2018-01-10 01:41:47'),
('CM0337B','MUELLER IINTON AGAR 500G',1,8,2,1,0,'2018-01-02','','2017-02-22 03:24:18','2017-02-22 03:24:51'),
('CM0359B','M.R.S. BROTII',1,8,2,0,0,'2017-02-02','','2017-04-04 04:22:18','2017-04-04 04:22:18'),
('CM0361B','M.R.S.AGAR ,500G',1,8,2,0,0,'2018-02-02','','2017-03-09 01:58:19','2017-03-09 01:58:19'),
('CM0479B','ENDO AGAR BASE 500G',1,8,2,1,0,'2018-02-02','','2017-12-13 06:54:52','2018-01-10 01:42:39'),
('CM0509B','Buffered peptone Water',1,8,2,0,0,'2019-07-02','','2018-07-16 10:47:33','2018-10-29 10:20:48'),
('CO2','CO2',4,61,7,4,0,'2018-02-02','','2018-01-10 02:37:14','2018-01-10 02:37:14'),
('CS','Cover Slip',6,39,1,1,0,'2018-02-02','','2017-02-02 04:39:02','2017-02-02 04:39:02'),
('CT0003B','Ampicilin AMP10',1,8,1,0,0,'2018-02-02','','2017-06-19 02:38:47','2017-06-19 02:38:47'),
('CT0005B','BACITRACIN B10 5 DISCS',1,8,1,1,0,'2018-02-02','','2017-12-18 08:54:24','2018-01-10 01:43:17'),
('CT0013B','CIILORAMPIIENICOL C30  ,5X50discs',1,8,3,1,0,'2018-02-02','','2017-03-09 02:13:43','2017-09-27 03:59:39'),
('CT0020B','ERYTIIROMYCIN E15 ',1,8,3,0,0,'2018-01-02','','2017-02-22 03:27:22','2017-02-22 03:27:22'),
('CT0024B','Gentamicin Cn 10 (5x50 Discs)',1,8,3,1,0,'2018-01-02','','2017-01-24 03:39:22','2017-01-24 03:39:22'),
('CT0038B','NOVOBIOCIN NV30 5X50 DISCS',1,8,1,1,0,'2018-02-02','','2017-12-13 06:59:31','2018-01-10 01:44:10'),
('CT0040B','OXACILLIN OX5 5X50 DISCS',1,8,1,1,0,'2018-02-02','','2017-12-13 07:02:18','2018-01-10 01:46:30'),
('CT0043B','PENICILLIN G P10 N 5X50 DISCS',1,8,1,1,0,'2018-02-02','','2017-12-13 07:05:05','2018-01-10 01:46:51'),
('CT0047B','Sreptomycin 5X50 discs',1,8,3,1,0,'2018-02-02','','2017-03-23 02:58:50','2017-03-23 02:58:50'),
('CT0054B','Tetracycline TE30',1,8,1,0,0,'2018-02-02','','2017-06-19 02:41:01','2017-06-19 02:41:01'),
('CT0056B','TOBRAMYCIN TOB10 5X50 DISCS',1,8,1,0,0,'2018-02-02','','2017-12-13 07:12:32','2018-01-10 01:47:24'),
('CT0061B','Amoxycillin AML25',1,8,1,0,0,'2017-02-02','','2017-06-19 02:43:42','2017-06-19 02:43:42'),
('CT0073B','Nystatin NS100 (5x50 discs)',1,8,3,0,0,'2018-01-02','','2017-01-24 03:47:00','2017-01-24 03:47:00'),
('CT01107B','AMIKACIN AK30 5X50 DISCS',1,8,1,0,0,'2018-02-02','','2017-12-13 07:15:32','2018-01-10 01:47:54'),
('CT0166B','Cefotamixine CTX30 ',1,8,3,0,0,'2018-02-05','','2017-04-05 02:42:58','2017-04-05 02:42:58'),
('CT0183B','Fosfomicin FOS50',1,8,1,1,0,'2018-02-02','','2017-06-19 02:45:52','2017-06-19 02:45:52'),
('CT0223B','Amoxycillin/Clavulan AMC30',1,8,3,0,0,'2018-02-02','','2017-04-05 02:44:44','2017-04-05 02:44:44'),
('CT0417B','CETRIAXONE CRO30',1,8,2,0,0,'2018-02-02','','2017-05-23 03:36:09','2017-05-23 03:36:09'),
('CT0425B','CPROFOXACIN CIP5',1,8,3,4,0,'2019-02-02','','2018-10-22 09:51:05','2018-10-22 09:51:05'),
('CT0906B','Azitiromicin AZM15',1,8,1,0,0,'2018-02-02','','2017-06-19 02:47:09','2017-06-19 02:47:09'),
('D133000-25G','3,4-Dimethoxybenzyl alcohol, 96%',1,10,2,0,0,'2018-02-02','','2017-11-27 04:22:55','2017-11-27 04:22:55'),
('DS2-500','Parafilm',6,36,1,1,0,'2018-02-02','','2017-02-02 03:53:16','2018-01-10 01:37:47'),
('E- EL 0006','HUMAN VIT. A',4,21,7,0,0,'2018-02-02','','2017-09-27 04:33:49','2017-09-27 04:33:49'),
('E- EL 0016 (96T)','DHVD3 (1,25-Dihydroxy Vitamin D3 )',4,57,7,0,0,'2018-02-02','','2017-09-27 04:14:56','2017-09-27 04:14:56'),
('E- EL 0065','E2 (ESTRADIOL) ',4,21,7,0,0,'2018-02-02','','2017-09-27 04:52:40','2017-09-27 04:52:40'),
('E- EL H0041','ADIPSIN HUMAN ELISA KIT',4,21,7,0,0,'2018-02-02','','2017-09-27 04:59:29','2017-09-27 04:59:29'),
('E- EL H0042','BETA AMYLOID 40 HUMAN',4,21,7,0,0,'2018-02-02','','2017-09-27 05:17:10','2017-09-27 05:17:10'),
('E- EL H0043','BETA AMYLOID 40 HUMAN ',4,21,7,0,0,'2018-02-02','','2017-09-27 05:15:12','2017-09-27 05:15:12'),
('E- EL H0543','BETA AMYLOID 42 HUMAN',4,21,7,0,0,'2018-02-02','','2017-09-27 05:13:46','2017-09-27 05:13:46'),
('E- EL H1176','HUMAN PKC (PROTEIN KINASE C)',4,21,7,0,0,'2018-02-02','','2017-09-27 04:45:09','2017-09-27 04:45:30'),
('E- EL H5105','HUMAN SDILD',4,21,7,0,0,'2018-02-02','','2017-09-27 05:54:07','2017-09-27 05:54:07'),
('E-EL -M0046','Mouse 1L-10  Eliasa Kit,96rx',4,21,7,0,0,'2018-01-02','','2017-01-26 05:29:05','2017-03-21 03:17:34'),
('E-EL -M0726','Mouse 1L-12  Eliasa Kit,96rx',4,21,7,0,0,'2018-01-02','','2017-01-26 05:27:40','2017-03-21 03:18:27'),
('E-EL H0109','Human TNF-a (Tumor Necrosis Factor Alpha)',4,57,7,0,0,'2018-02-02','','2017-09-27 03:06:33','2017-09-27 03:06:33'),
('E-EL-0060','MDA (Malondialdehyde)',4,21,7,0,0,'2018-02-02','','2017-08-21 04:06:43','2017-08-21 04:06:43'),
('E-EL-H1355','Human IgA (IMUNOGLOBULIN A) ELISA KIT',4,21,7,6,0,'2018-02-02','','2017-08-08 02:35:29','2017-08-08 02:35:29'),
('E-EL-H1445','HUMAN MMP-2',4,21,7,0,0,'2018-02-02','','2017-08-04 03:05:37','2017-08-04 03:05:37'),
('E-SR125','ONE COMPONENT TMB subTRAT 30ml',4,21,7,1,0,'2018-02-02','','2017-08-08 02:42:06','2017-08-08 02:42:06'),
('E1004','Zymolyse',1,55,7,0,0,'2017-02-02','','2017-05-17 01:55:12','2017-05-17 01:55:12'),
('EL1190-FCS','Elisa Plate,W/0 Cover,96 well,Flat Bottom,Treated',6,29,3,10,0,'2018-02-02','','2017-02-01 02:31:53','2017-02-01 02:31:53'),
('ER051','HINDIII',1,11,1,3,0,'2018-02-02','','2017-08-04 02:50:14','2017-08-04 02:50:14'),
('ESAP13089','Polyclonal Antibody Anti DLG4,200ul',4,21,7,0,0,'2018-01-02','','2017-01-26 05:25:45','2017-12-18 02:01:23'),
('ESgel B','ES GEL BALOK',2,56,3,0,0,'2018-02-02','','2017-06-20 01:46:38','2017-12-12 06:40:26'),
('ESgel P','ES GEL PERSEGI',2,56,3,1,0,'2018-02-02','','2017-06-20 01:47:46','2017-08-08 03:53:30'),
('ET','Easy touch',2,16,10,2,0,'2018-01-02','','2017-01-25 02:41:43','2017-01-25 02:43:16'),
('F13931','FORMALIN 37% @ 10 LTR',1,42,6,0,0,'2018-02-02','','2017-05-16 02:30:00','2017-05-16 02:33:22'),
('F550 6','Freund adjuvant incomplete, 10 ml',1,10,2,1,0,'2017-02-02','','2017-05-22 04:35:18','2017-05-22 04:35:18'),
('F5881','Freund adjuvant complete, 10 ml',1,10,2,1,0,'2017-02-02','','2017-05-22 04:33:40','2017-05-22 04:33:40'),
('G2930','Griess Reagen System 100rx',1,13,7,1,0,'2018-01-02','','2017-01-24 06:37:28','2017-01-24 06:37:28'),
('GB100','Presto Mini DNA Bacterial Kit, 100 PREPS/k',1,14,7,0,0,'2018-01-02','','2017-01-24 03:05:13','2017-01-24 03:05:13'),
('GEE 17144002','Ficoll Pacque Plus  6x100ml',1,4,2,5,0,'2018-01-02','','2017-01-24 02:53:59','2017-01-24 02:53:59'),
('Gegep','GEGEP',2,42,10,1,0,'2018-02-02','','2017-08-18 02:43:03','2017-08-18 02:43:03'),
('GRM026-0500-him','AGAR POWDER BAKTEROLOGICAL, 500G',1,7,2,1,0,'2019-02-02','','2018-05-07 09:28:30','2018-05-07 09:28:30'),
('GRM3900-0500','BORIC ACID HI-AR/ACS,500G',1,6,2,0,0,'2019-02-02','','2018-07-16 11:03:53','2018-07-16 11:03:53'),
('GRM3943 500gr','Postasium phosphate Monobasic',3,6,2,1,0,'2018-01-02','','2017-01-25 06:35:36','2017-01-25 06:35:36'),
('GRM3960-0500','Di sodium Hydrogen Phosphate , AR. 500g',1,7,2,0,0,'2018-02-02','','2017-03-23 02:52:11','2017-03-23 02:52:11'),
('GRM684 500gr','Magnesium Sulfate, Heptahydrate, A.R',3,6,2,1,0,'2018-01-02','','2017-01-25 06:38:15','2017-01-25 06:38:15'),
('GRM853 500g','Sodium Cloriode, A.R',3,6,2,0,0,'2018-01-02','','2017-01-26 02:08:09','2017-01-26 02:08:09'),
('HD','Holder',6,37,8,1,0,'2018-02-02','','2017-02-02 04:28:42','2017-02-02 04:28:42'),
('Hnds','Handschoen',2,51,1,18,0,'2018-01-02','','2017-02-10 03:06:07','2017-12-18 02:42:24'),
('Hnds Sensi Gloves','Handschoen',6,53,1,0,0,'2018-01-02','','2017-02-24 03:23:10','2017-02-24 03:23:10'),
('IKL-3340000','Genius 3 Vortex Mixer',5,26,9,1,0,'2018-01-02','','2017-01-26 06:11:23','2017-01-26 06:11:23'),
('K0721','GENEJET GENOMIC DNAPURIF KIT EA 50 PREPRaTION',1,11,7,0,0,'2019-02-02','','2018-10-29 09:56:24','2018-10-29 09:56:24'),
('K1071','DreamTaq PCR Master Mix (2x) ,200x50ul',1,11,3,0,0,'2018-01-02','','2017-02-23 03:17:01','2017-02-23 03:17:01'),
('K1820 01','Purelink Genomik DNA Mini Kit, 50rx/kit',1,1,7,2,0,'2018-01-02','','2017-01-24 03:13:45','2017-12-18 01:56:46'),
('K3914','Bulb For Pasteur Pipete',6,33,3,1,0,'2018-02-02','','2017-02-02 02:18:03','2018-01-10 02:20:49'),
('Kcmt L','Kaca Mata Lab',2,18,10,9,0,'2018-01-02','','2017-01-25 02:57:02','2017-01-25 02:57:02'),
('KSA2080','Kassa 20x80',2,17,11,3,0,'2018-01-02','','2017-01-25 02:53:34','2017-01-25 02:53:34'),
('KSA3080','Kassa 30x80',2,17,11,4,0,'2018-01-02','','2017-01-25 02:51:47','2017-01-25 02:51:47'),
('KSA4080','Kassa 40x80',2,17,11,5,0,'2018-01-02','','2017-01-25 02:50:51','2017-01-25 02:50:51'),
('KSAsc','Kassa Steril Coklat',2,17,12,8,0,'2018-01-02','','2017-01-25 02:55:22','2017-01-25 02:55:22'),
('LSinCR202-10566016','DMEM-500ML-PLASTIC-E-Z HOLD',1,5,3,0,0,'2018-02-02','','2017-11-07 01:56:32','2017-11-07 01:56:32'),
('M7122','GoTaq  Green Mastermix',1,13,1,0,0,'2018-01-02','','2017-01-24 06:34:33','2017-02-10 02:32:58'),
('M842-500G','ROSE BENGAL AGAR BASE ,500G',1,6,5,475,0,'2018-01-02','','2017-02-22 03:04:54','2017-03-09 02:39:31'),
('M95','Masker N95',2,18,1,13,0,'2018-01-02','','2017-01-25 03:14:00','2017-02-16 03:52:58'),
('MAIPS4510','Multi Screen,96 Well',6,40,3,9,0,'2018-02-02','','2017-02-02 04:43:42','2017-02-02 04:43:42'),
('MB0266A','MICROBACT OXIDASE STRIPS 50Test',3,8,1,1,0,'2018-02-02','','2017-12-18 08:50:24','2017-12-18 08:50:24'),
('MB14401','AGAROSE (Routine Grade)',1,65,2,0,0,'2019-02-02','','2018-03-21 11:28:54','2018-03-21 11:28:54'),
('MCT-150-C','Micro Tubes, Flat Cap 1.5ml (500pcs/pack)',6,27,1,0,0,'2018-01-02','','2017-01-30 01:17:55','2018-01-10 02:21:12'),
('MKS','Masker Karet Sensi',2,18,1,40,0,'2018-01-02','','2017-01-25 03:12:55','2017-12-18 02:42:40'),
('MS','Mikro Slide',2,18,12,3,0,'2018-01-02','','2017-01-25 03:06:44','2018-01-10 01:39:15'),
('NITRAT','NITRAT TES KIT',4,61,7,4,0,'2018-02-02','','2018-01-10 02:34:44','2018-01-10 02:34:44'),
('Optilab','Optilab Upgrade  Advance',5,25,9,1,0,'2018-01-02','','2017-01-26 06:09:37','2017-01-26 06:09:37'),
('Optilab2','Optilab Profesional',5,25,9,1,0,'2018-01-02','','2017-01-26 06:13:48','2017-01-26 06:13:48'),
('Optilab3','Deskcam Upgrade Edition',5,25,9,1,0,'2018-01-02','','2017-01-26 06:15:14','2017-01-26 06:15:14'),
('P-02-C','PCR Tube,0.2ml Flat (100 pcs/pack)',6,29,1,0,0,'2018-02-02','','2017-02-01 02:16:12','2017-03-13 04:09:14'),
('P-02X8-F','0.2 ml PCR strip tubes With cap packing 125 strip/box',6,29,1,0,0,'2018-02-02','','2017-10-16 03:44:41','2017-10-16 03:44:41'),
('P1013-15BF','Centrifuge Tube , 15ml,Bulk Pack  (25 pcs/pack)',6,29,1,0,0,'2018-01-02','','2017-02-13 03:02:47','2017-02-13 03:02:47'),
('P1030-15BF','Centrifuge Tube , 15ml,Bulk Pack  (25 pcs/pack)',6,29,10,0,0,'2018-01-02','','2017-02-13 02:52:12','2017-02-13 03:03:56'),
('P1086-S','Freezer Storage Rack, 5 pcs/pack',6,29,3,8,0,'2018-02-02','','2017-02-01 02:22:08','2017-02-01 02:22:08'),
('P1090-S','Rack PCR Tube, 96well, 5cs/pack',6,29,3,5,0,'2018-02-02','','2017-02-01 02:19:22','2017-02-01 02:19:22'),
('P417D-10MG','PROPIDIUM IODIDE',1,10,2,0,0,'2018-02-02','','2017-05-22 04:26:56','2017-05-22 04:26:56'),
('P4458 100Ml','Penicillin Streptomycin 50x, 100ml',1,10,9,1,0,'2018-01-02','','2017-01-24 04:28:42','2017-01-24 04:30:36'),
('P4543-10G','Valporic Acid Sodium',1,10,3,1,0,'2018-02-02','','2017-03-23 02:15:04','2017-03-23 02:15:04'),
('PB1030-1L','TBE Buffer PH 8,3',1,50,2,0,0,'2018-01-02','','2017-02-10 02:42:16','2017-02-10 02:42:16'),
('PC0706-0500','EDTA DISODIUM SALT ,500G',1,50,3,0,0,'2018-01-02','','2017-02-22 03:06:48','2017-02-22 03:06:48'),
('PC0712-0100','PROTEINASE K 100MG+',1,50,2,0,0,'2019-02-02','','2018-10-29 10:02:33','2018-10-29 10:02:33'),
('PDH100','Presto Mini Plasmid Kit, 100 prep/lit',3,14,7,0,0,'2018-02-02','','2017-02-06 03:26:32','2017-02-06 03:26:32'),
('PM996','M. Parafilm, 4IN.X 125 FT',6,41,12,0,0,'2018-02-02','','2017-02-02 04:46:45','2018-01-10 01:36:51'),
('PORTABLE','PORTABLE REFARACTOMETER',5,67,9,0,0,'2019-02-02','','2018-10-29 10:39:35','2018-10-29 10:39:35'),
('POT Dhk','Pot Dahak/ Sputum',6,44,3,499,0,'2018-02-02','','2017-02-02 04:57:21','2017-02-02 04:57:21'),
('POT FC','Pot Faces',6,44,3,381,0,'2018-02-02','','2017-02-02 05:03:33','2018-01-10 02:21:58'),
('POT Steril',' Sterile Container 60ml',6,44,3,130,0,'2018-02-02','','2017-02-02 05:05:49','2017-02-02 05:05:49'),
('pot urine 30 cc','POT urine 30cc.',6,26,2,0,0,'2019-02-02','','2018-11-26 11:15:57','2018-11-26 11:15:57'),
('PP1072-100','Cryo 100well  card board Freezer  boxes (5pcs/pack)',6,29,3,20,0,'2018-02-02','','2017-02-01 02:28:33','2018-05-07 09:43:11'),
('PR0614-0500','Tris  Hydrochloride - Tris HCL, 500g',3,50,3,0,0,'2018-01-02','','2017-02-07 03:14:15','2017-02-07 03:14:15'),
('R0491','Top Vision LE GQ Agarose 100g',1,11,5,0,0,'2018-01-02','','2017-01-24 06:27:17','2017-03-13 04:34:24'),
('R0611','6x DNA  Loading dy 5x 1ml',1,11,3,7,0,'2018-01-02','','2017-01-24 06:25:11','2017-01-24 06:25:11'),
('R3501-16','Rifampicin',3,10,3,1,0,'2018-02-02','','2018-01-10 02:00:50','2018-01-10 02:00:50'),
('R6504 10x','RPMI  164 MEDIUM',1,10,2,10,0,'2018-01-02','','2017-01-24 04:36:09','2017-01-24 04:36:09'),
('R8311006','RapID ONE Panel. 20 PANELS',1,8,1,0,0,'2018-02-02','','2017-04-04 04:25:30','2017-04-04 04:25:30'),
('Rack TT KAYU','RACK TT KAYU',2,42,3,0,0,'2018-02-02','','2017-08-18 02:39:30','2017-08-18 02:39:30'),
('RGJ.TKS.MP00.100','Methanol 1000 ML',1,7,2,0,0,'2019-02-02','','2018-05-07 09:48:51','2018-05-07 09:48:51'),
('RM 684. 500g','Magnesium sulpate hepta hydrate 500',3,6,5,400,0,'2018-02-02','','2018-01-10 01:52:19','2018-01-10 01:52:19'),
('RM3960 500g','Di sodium Hydrogen Phosphate , Anhydrous ACS 500g',3,6,5,0,0,'2018-01-02','','2017-01-26 02:06:48','2018-01-10 01:49:53'),
('RM698 500g','Postasium Chloride,500g.A.R',3,6,5,400,0,'2018-01-02','','2017-01-25 06:31:56','2017-01-25 06:31:56'),
('ROD-SPD7-120','Glass Rod Spreader, OD7 x L 120 (mm)',6,31,3,10,0,'2018-02-02','','2017-02-01 03:57:09','2017-02-01 03:57:09'),
('S020-0100','MALACHITE GREEN ,1% W/V 100ML*',1,6,3,0,0,'2019-02-02','','2018-07-16 11:36:12','2018-07-16 11:36:12'),
('S0894-25g','Sodium 2-Propylvalerate 25g',1,48,2,0,0,'2018-02-02','','2017-02-06 02:20:47','2017-12-18 01:40:01'),
('S73411 ','solvent A @ 30 liter',1,42,6,64,0,'2019-10-02','','2018-10-22 09:12:44','2018-10-22 09:12:44'),
('SAEP053','GOAT ANTI-RABBIT IgG-AP, 200ul',4,21,7,1,0,'2018-02-02','','2017-08-08 02:39:53','2017-08-08 02:39:53'),
('SAU','Strip Asam Urat',2,16,12,5,0,'2018-01-02','','2017-01-25 02:46:22','2017-01-25 02:46:22'),
('SC','Strip Cholestero',2,16,12,5,0,'2018-01-02','','2017-01-25 02:48:29','2017-01-25 02:48:29'),
('SFCA025R','CA (Cellulose Acetate) 25mm,0,2um, Siringe Filter',6,23,3,16,0,'2018-02-02','','2017-02-02 04:37:53','2017-02-02 04:37:53'),
('SFCA25-R-OMI','CA SYRINGE FILTER STERILE',6,66,3,100,0,'2018-05-09','','2018-05-30 09:27:22','2018-05-30 09:27:22'),
('SG','Strip Gula',2,16,12,1,0,'2018-01-02','','2017-01-25 02:44:50','2017-01-25 02:44:50'),
('SH-90-15','Bacterial Petri Dics 10pcs/pack',6,33,1,29,0,'2018-01-02','','2017-02-13 03:10:26','2017-02-13 03:10:26'),
('SM0243','Gene Ruler 100 bp DNA ladder 50ug',3,11,1,0,0,'2018-01-02','','2017-02-06 03:46:56','2017-02-06 03:46:56'),
('SM0311','Gene Ruler 1kb DNA ladder,50ug 6pcs/pack ',1,11,1,1,0,'2018-01-03','','2017-01-24 04:42:30','2017-01-24 04:42:30'),
('SM0313','Gene Ruler 1kb DNA ladder,50ug 7pcs/pack',1,11,1,1,0,'2018-01-02','','2017-01-24 04:43:55','2017-01-24 04:43:55'),
('SM0371','Gene Ruler 50 bp DNA ladder 50ug',1,11,1,2,0,'2018-01-02','','2017-01-24 04:38:23','2017-01-24 04:38:23'),
('Sp3','Spuit 3ml ',2,19,8,33,0,'2017-01-02','','2017-01-25 03:00:44','2017-01-25 03:04:08'),
('Sp5','Spuit 5ml',2,19,8,11,0,'2017-01-02','','2017-01-25 03:05:49','2017-01-25 03:05:49'),
('Spritus','SPRITUS',2,42,10,1,0,'2018-02-02','','2017-08-18 02:45:50','2018-07-17 11:07:32'),
('Sqncg Genetika','Single Pass Sequencing ',1,60,3,3,0,'2018-02-02','','2017-09-14 03:59:56','2017-12-18 01:30:38'),
('T-300','Rack,pipet tips 0,5ul-10ul, Monocrystal',6,27,3,6,0,'2018-01-02','','2017-01-30 01:05:36','2017-01-30 01:13:33'),
('T4155','Octagon Mag Stirr, Bar 8x60mm',6,46,3,1,0,'2018-02-02','','2017-02-02 05:10:40','2017-02-02 05:10:40'),
('TAK-201','Target Clone Tm_plus',1,52,1,1,0,'2018-01-02','','2017-02-22 02:20:03','2017-02-22 02:20:03'),
('TCL016','Water Nucleas  And Protease Free',1,6,2,1,0,'2018-01-02','','2017-01-24 03:08:07','2017-01-24 03:08:07'),
('TIP-10-C','Pipet Tips 10ul,White,1000pcs/pack',6,29,1,12,0,'2018-01-02','','2017-01-30 04:10:43','2017-01-30 04:10:43'),
('TIP-1100-B','1000ul Pipet Tips.Blue 1.000pcs/pack',6,29,1,8,0,'2018-01-02','','2017-01-30 04:59:23','2018-10-29 09:43:40'),
('TIP-1500-C','Pipet Tips 1-1000ul,Clear,1000pcs/pack',6,29,1,0,0,'2018-01-02','','2017-01-30 04:07:53','2017-01-30 04:07:53'),
('TIP-210-Y','Pipet Tips 200ul,White,1000pcs/pack',6,29,1,22,0,'2018-01-02','','2017-01-30 04:15:35','2018-01-10 02:23:17'),
('TIP-250-C','Pipet Tips, Clear,1000pcs/pack',6,29,1,21,0,'2018-01-02','','2017-01-30 04:21:35','2017-01-30 04:21:35'),
('TS-10-C-FS','Filter Tips With Racked 10ul,White',6,29,3,52,0,'2018-01-02','','2017-01-30 05:09:55','2017-01-30 05:09:55'),
('TS-10-Rack','Racked Tips ,for 10ul',6,29,3,10,0,'2018-02-02','','2017-03-08 03:45:55','2018-01-10 02:23:54'),
('TS-1100-B-RS','Racked Pipet Tips 1000ul, Blue',6,29,3,12,0,'2018-01-02','','2017-01-30 05:04:40','2017-01-30 05:04:40'),
('TS-1100-Rack','Racked Tips ,for 1000ul',6,29,3,18,0,'2018-02-02','','2017-03-08 03:47:37','2017-03-08 03:47:37'),
('TS-1500-C-FS','filter Tips Racked,1200ul',6,29,1,17,0,'2018-02-02','','2017-02-01 02:07:57','2018-01-10 02:24:51'),
('TS-210-Rack','Racked Tips ,for 200ul',6,29,3,16,0,'2018-01-02','','2017-01-30 05:06:48','2017-03-08 03:43:35'),
('TS-210-Y-RS','Racked Pipet Tips 200ul, Yellow',6,29,3,6,0,'2018-01-02','','2017-01-30 05:02:44','2018-01-10 02:25:21'),
('TS-250-C-FS','Filter Pipet Tips With Racked 200ul,Yellow',6,29,3,52,0,'2018-01-02','','2017-01-30 05:14:09','2018-01-10 02:25:53'),
('TST-SCR16-150','Test Tube ,Without Screw Cap',6,31,3,0,0,'2018-02-02','','2017-02-01 06:01:45','2017-02-01 06:01:45'),
('TUBE-170-C','1,5ml micro tubes paking 500',6,29,1,5,0,'2019-02-02','','2018-10-29 09:50:24','2018-10-29 09:50:24'),
('TUBE-200-C','Microtube 2.0 ml (500pcs/Pack)',6,29,1,4,0,'2018-02-02','','2017-02-01 02:25:16','2017-02-01 02:25:16'),
('V8500','Magnehis Protein Purification System',1,13,7,1,0,'2018-01-02','','2017-01-24 06:39:12','2017-01-24 06:39:12'),
('VFG0255005','Glass Vacum Filter ',5,23,10,1,0,'2018-01-02','','2017-01-26 05:49:03','2017-01-26 05:49:03'),
('W291706-1KG','polysorbate',1,10,3,0,0,'2018-02-02','','2017-06-03 02:17:59','2017-06-03 02:17:59');

/*Table structure for table `blog` */

DROP TABLE IF EXISTS `blog`;

CREATE TABLE `blog` (
  `id` int(10) unsigned NOT NULL AUTO_INCREMENT,
  `user_id` int(10) unsigned NOT NULL,
  `judul` varchar(255) COLLATE utf8_unicode_ci NOT NULL,
  `slug` varchar(255) COLLATE utf8_unicode_ci NOT NULL,
  `teks` text COLLATE utf8_unicode_ci NOT NULL,
  `created_at` timestamp NULL DEFAULT NULL,
  `updated_at` timestamp NULL DEFAULT NULL,
  PRIMARY KEY (`id`),
  UNIQUE KEY `blog_judul_unique` (`judul`),
  UNIQUE KEY `blog_slug_unique` (`slug`)
) ENGINE=InnoDB AUTO_INCREMENT=3 DEFAULT CHARSET=utf8 COLLATE=utf8_unicode_ci;

/*Data for the table `blog` */

insert  into `blog`(`id`,`user_id`,`judul`,`slug`,`teks`,`created_at`,`updated_at`) values 
(1,1,'Test First Posting','test-first-posting','<p>Lorem ipsum dolor sit amet, consectetur adipisicing elit. Earum architecto neque corporis, aspernatur at saepe alias eum, voluptatibus minus delectus quibusdam officiis sunt eveniet vero voluptate optio nihil! Culpa, eaque.</p>\r\n<p>Lorem ipsum dolor sit amet, consectetur adipisicing elit. A at sint quae porro vel error qui ullam eos fugiat nam eum nisi asperiores amet, atque provident magnam, facere, quo placeat.</p>','2017-01-23 03:17:37','2017-01-23 03:17:37'),
(2,1,'Lowongan Pekerjaan Administrasi Anbiotek','lowongan-pekerjaan-administrasi-anbiotek','<h2 style=\"text-align: center;\">Lowongan Pekerjaan</h2>\r\n<p><strong>&nbsp;</strong></p>\r\n<p>Sebuah perusahaan yang bergerak dalam bidang penyediaan kebutuhan Laboratorium &amp; Alat Kesehatan membutuhkan segera seorang Administrasi yang berpengalaman dengan kualifikasi berikut :</p>\r\n<ul style=\"list-style-type: square;\">\r\n<li>Pria / Wanita</li>\r\n<li>Pendidikan D3/S1 segala jurusan, diutamakan Jurusan Akuntansi.</li>\r\n<li>Menguasai dalam pengoperasian komputer (Ms. Office).</li>\r\n<li>Komunikatif, selektif, dan bertanggung jawab.</li>\r\n</ul>\r\n<p>Lamaran dikirim ke :</p>\r\n<p>ANDALAS BIOTEKNOLOGI SAIYO</p>\r\n<p>Komplek Cendana Mata Air Tahap VIII BLOK A No. 4, Kel. Koto Baru Nan XX, Kec. Lubuk Begalung, Padang.</p>\r\n<p>Contact Person : Cynthia ( 0751-64652 / 082390597633)</p>\r\n<p>Lamaran paling lambat dikirim pada 20 Mei 2017.</p>','2017-05-03 03:51:07','2017-05-03 03:51:07');

/*Table structure for table `det_keluar` */

DROP TABLE IF EXISTS `det_keluar`;

CREATE TABLE `det_keluar` (
  `id` int(10) unsigned NOT NULL AUTO_INCREMENT,
  `keluar_id` int(10) unsigned NOT NULL,
  `barang_kode` varchar(255) COLLATE utf8_unicode_ci NOT NULL,
  `stokawal` int(11) NOT NULL,
  `stokeluar` int(11) NOT NULL,
  `stokakhir` int(11) NOT NULL,
  `harga` int(11) NOT NULL,
  `subtot` int(11) NOT NULL,
  `created_at` timestamp NULL DEFAULT NULL,
  `updated_at` timestamp NULL DEFAULT NULL,
  PRIMARY KEY (`id`)
) ENGINE=InnoDB AUTO_INCREMENT=493 DEFAULT CHARSET=utf8 COLLATE=utf8_unicode_ci;

/*Data for the table `det_keluar` */

insert  into `det_keluar`(`id`,`keluar_id`,`barang_kode`,`stokawal`,`stokeluar`,`stokakhir`,`harga`,`subtot`,`created_at`,`updated_at`) values 
(1,1,'430791',7,4,3,0,0,'2017-02-09 02:27:27','2017-02-09 02:27:27'),
(2,1,'TIP-10-C',31,1,30,0,0,'2017-02-09 02:27:27','2017-02-09 02:27:27'),
(3,1,'TIP-250-C',23,1,22,0,0,'2017-02-09 02:27:27','2017-02-09 02:27:27'),
(4,1,'TIP-1500-C',1,1,0,0,0,'2017-02-09 02:27:27','2017-02-09 02:27:27'),
(5,2,'10572014',13,1,12,0,0,'2017-02-09 02:29:12','2017-02-09 02:29:12'),
(6,3,'21802545',7,3,4,0,0,'2017-02-10 02:24:58','2017-02-10 02:24:58'),
(7,4,'MCT-150-C',14,2,12,500000,1000000,'2017-02-10 02:28:43','2017-02-10 02:28:43'),
(8,5,'M7122',3,1,2,1242857,1242857,'2017-02-10 02:35:54','2017-02-10 02:35:54'),
(9,6,'PB1030-1L',1,1,0,1715000,1715000,'2017-02-10 02:49:41','2017-02-10 02:49:41'),
(10,7,'Sp3',39,3,36,0,0,'2017-02-13 02:24:13','2017-02-13 02:24:13'),
(11,7,'367856',4,3,1,0,0,'2017-02-13 02:24:13','2017-02-13 02:24:13'),
(12,7,'POT FC',156,153,3,0,0,'2017-02-13 02:24:13','2017-02-13 02:24:13'),
(13,7,'MKS',13,3,10,0,0,'2017-02-13 02:24:13','2017-02-13 02:24:13'),
(14,7,'Hnds',2,2,0,0,0,'2017-02-13 02:24:13','2017-02-13 02:24:13'),
(15,7,'Sp5',15,2,13,0,0,'2017-02-13 02:24:13','2017-02-13 02:24:13'),
(16,8,'P1013-15BF',1,1,0,0,0,'2017-02-13 03:05:36','2017-02-13 03:05:36'),
(17,8,'430791',3,3,0,0,0,'2017-02-13 03:05:36','2017-02-13 03:05:36'),
(18,9,'SH-90-15',2,2,0,60000,120000,'2017-02-13 03:15:16','2017-02-13 03:15:16'),
(19,10,'TIP-1100-B',8,1,7,350000,350000,'2017-02-13 03:17:39','2017-02-13 03:17:39'),
(20,11,'21802545',4,2,2,0,0,'2017-02-13 03:46:54','2017-02-13 03:46:54'),
(21,11,'352096',12,1,11,0,0,'2017-02-13 03:46:54','2017-02-13 03:46:54'),
(22,11,'MCT-150-C',12,1,11,0,0,'2017-02-13 03:46:54','2017-02-13 03:46:54'),
(23,11,'430659',4,1,3,0,0,'2017-02-13 03:46:54','2017-02-13 03:46:54'),
(24,12,'Hnds',6,2,4,0,0,'2017-02-16 03:54:06','2017-02-16 03:54:06'),
(25,12,'M95',1,1,0,0,0,'2017-02-16 03:54:06','2017-02-16 03:54:06'),
(26,13,'352096',11,1,10,0,0,'2017-02-16 03:55:56','2017-02-16 03:55:56'),
(27,14,'10572014',12,1,11,0,0,'2017-02-16 04:09:50','2017-02-16 04:09:50'),
(28,14,'K1820 01',15,1,14,0,0,'2017-02-16 04:09:50','2017-02-16 04:09:50'),
(29,14,'TIP-10-C',30,1,29,0,0,'2017-02-16 04:09:50','2017-02-16 04:09:50'),
(30,14,'TIP-210-Y',35,1,34,0,0,'2017-02-16 04:09:50','2017-02-16 04:09:50'),
(31,14,'TIP-1100-B',7,1,6,0,0,'2017-02-16 04:09:50','2017-02-16 04:09:50'),
(32,14,'41003-Biotium+',3,1,2,0,0,'2017-02-16 04:09:50','2017-02-16 04:09:50'),
(33,15,'Aqd',41,4,37,0,0,'2017-02-16 04:11:34','2017-02-16 04:11:34'),
(34,16,'MKS',10,2,8,0,0,'2017-02-16 04:12:56','2017-02-16 04:12:56'),
(35,16,'Hnds',4,2,2,0,0,'2017-02-16 04:12:56','2017-02-16 04:12:56'),
(36,17,'Aqd',37,4,33,8000,32000,'2017-02-16 04:16:01','2017-02-16 04:16:01'),
(37,18,'Aqd',33,2,31,0,0,'2017-02-16 04:19:32','2017-02-16 04:19:32'),
(38,18,'MKS',8,1,7,0,0,'2017-02-16 04:19:32','2017-02-16 04:19:32'),
(39,18,'K1820 01',14,1,13,0,0,'2017-02-16 04:19:32','2017-02-16 04:19:32'),
(40,19,'PDH100',1,1,0,0,0,'2017-02-16 04:23:21','2017-02-16 04:23:21'),
(41,20,'MCT-150-C',11,1,10,0,0,'2017-02-16 04:25:05','2017-02-16 04:25:05'),
(42,20,'P-02-C',4,1,3,0,0,'2017-02-16 04:25:05','2017-02-16 04:25:05'),
(43,21,'352096',10,4,6,0,0,'2017-02-16 04:27:12','2017-02-16 04:27:12'),
(44,22,'P-02-C',3,1,2,885714,885714,'2017-02-16 04:37:46','2017-02-16 04:37:46'),
(45,22,'MCT-150-C',10,1,9,500000,500000,'2017-02-16 04:37:46','2017-02-16 04:37:46'),
(46,22,'SM0243',2,1,1,2671428,2671428,'2017-02-16 04:37:46','2017-02-16 04:37:46'),
(47,22,'R0491',3,1,2,1714286,1714286,'2017-02-16 04:37:46','2017-02-16 04:37:46'),
(48,23,'352096',6,1,5,285000,285000,'2017-02-16 04:49:54','2017-02-16 04:49:54'),
(49,24,'Aqd',31,1,30,0,0,'2017-02-16 04:52:43','2017-02-16 04:52:43'),
(50,25,'S0894-25g',1,1,0,0,0,'2017-02-16 05:04:37','2017-02-16 05:04:37'),
(51,26,'352096',5,2,3,0,0,'2017-02-16 05:07:15','2017-02-16 05:07:15'),
(52,27,'B52',3,1,2,0,0,'2017-02-16 06:03:41','2017-02-16 06:03:41'),
(53,28,'2345-050',6,5,1,0,0,'2017-02-16 06:08:53','2017-02-16 06:08:53'),
(54,28,'352070',25,6,19,0,0,'2017-02-16 06:08:53','2017-02-16 06:08:53'),
(55,29,'PR0614-0500',1,1,0,3017143,3017143,'2017-02-24 02:53:57','2017-02-24 02:53:57'),
(56,29,'A6284-0100',1,1,0,2177143,2177143,'2017-02-24 02:53:57','2017-02-24 02:53:57'),
(57,29,'B52',2,1,1,2010000,2010000,'2017-02-24 02:53:57','2017-02-24 02:53:57'),
(58,30,'352096',33,1,32,0,0,'2017-02-24 02:55:37','2017-02-24 02:55:37'),
(59,31,'90-9081',5,5,0,142857,714285,'2017-02-24 03:06:25','2017-02-24 03:06:25'),
(60,31,'80096',10,5,5,178571,892855,'2017-02-24 03:06:25','2017-02-24 03:06:25'),
(61,32,'PM996',2,1,1,514800,514800,'2017-02-24 03:08:31','2017-02-24 03:08:31'),
(62,33,'MCT-150-C',9,1,8,0,0,'2017-02-24 03:16:00','2017-02-24 03:16:00'),
(63,34,'TIP-10-C',29,1,28,0,0,'2017-02-24 03:17:16','2017-02-24 03:17:16'),
(64,35,'3041-02',10,2,8,0,0,'2017-02-24 03:26:06','2017-02-24 03:26:06'),
(65,35,'MKS',7,1,6,0,0,'2017-02-24 03:26:06','2017-02-24 03:26:06'),
(66,35,'Hnds Sensi Gloves',2,2,0,0,0,'2017-02-24 03:26:06','2017-02-24 03:26:06'),
(67,36,'353072',25,6,19,70000,420000,'2017-02-24 03:31:04','2017-02-24 03:31:04'),
(68,37,'Aqd',30,4,26,0,0,'2017-03-09 02:20:03','2017-03-09 02:20:03'),
(69,38,'CM0337B',1,1,0,1100000,1100000,'2017-03-09 02:28:04','2017-03-09 02:28:04'),
(70,39,'CT0020B',1,1,0,435200,435200,'2017-03-09 02:29:57','2017-03-09 02:29:57'),
(71,40,'A108-0100-phy',100,25,75,10000,250000,'2017-03-09 02:35:38','2017-03-09 02:35:38'),
(72,41,'73200',100,50,50,15000,750000,'2017-03-09 03:25:05','2017-03-09 03:25:05'),
(73,42,'M842-500G',500,25,475,3400,85000,'2017-03-13 02:09:46','2017-03-13 02:09:46'),
(74,43,'430659',3,1,2,0,0,'2017-03-13 02:13:23','2017-03-13 02:13:23'),
(75,44,'POT FC',503,40,463,4500,180000,'2017-03-13 02:48:10','2017-03-13 02:48:10'),
(76,45,'Aqd',26,4,22,0,0,'2017-03-13 02:51:45','2017-03-13 02:51:45'),
(77,46,'430659',2,1,1,550000,550000,'2017-03-13 03:05:10','2017-03-13 03:05:10'),
(78,46,'Hnds',2,1,1,75000,75000,'2017-03-13 03:05:10','2017-03-13 03:05:10'),
(79,46,'MKS',6,1,5,35000,35000,'2017-03-13 03:05:10','2017-03-13 03:05:10'),
(80,47,'K1820 01',13,1,12,4750000,4750000,'2017-03-13 04:17:55','2017-03-13 04:17:55'),
(81,47,'PC0706-0500',1,1,0,1880000,1880000,'2017-03-13 04:17:55','2017-03-13 04:17:55'),
(82,47,'K1071',1,1,0,3894000,3894000,'2017-03-13 04:17:55','2017-03-13 04:17:55'),
(83,47,'SM0243',1,1,0,2184000,2184000,'2017-03-13 04:17:55','2017-03-13 04:17:55'),
(84,47,'SM0371',3,1,2,2150400,2150400,'2017-03-13 04:17:55','2017-03-13 04:17:55'),
(85,47,'TS-10-C-FS',57,5,52,312000,1560000,'2017-03-13 04:17:55','2017-03-13 04:17:55'),
(86,47,'TS-250-C-FS',55,3,52,312000,936000,'2017-03-13 04:17:55','2017-03-13 04:17:55'),
(87,47,'P-02-C',3,3,0,624000,1872000,'2017-03-13 04:17:55','2017-03-13 04:17:55'),
(88,47,'MCT-150-C',8,6,2,450000,2700000,'2017-03-13 04:17:55','2017-03-13 04:17:55'),
(89,48,'10977023',8,1,7,175000,175000,'2017-03-13 04:20:35','2017-03-13 04:20:35'),
(90,51,'   ALKOHOL',20,5,15,0,0,'2017-03-13 04:27:50','2017-03-13 04:27:50'),
(91,51,'KSA2080',4,1,3,0,0,'2017-03-13 04:27:50','2017-03-13 04:27:50'),
(92,52,'Aqd',22,2,20,7000,14000,'2017-03-13 04:29:22','2017-03-13 04:29:22'),
(93,53,'K1820 01',12,1,11,475000,475000,'2017-03-13 04:33:03','2017-03-13 04:33:03'),
(94,53,'5-002-52',16,1,15,18000,18000,'2017-03-13 04:33:03','2017-03-13 04:33:03'),
(95,54,'R0491',200,50,150,0,0,'2017-03-13 04:38:23','2017-03-13 04:38:23'),
(96,55,'K1820 01',11,1,10,4750000,4750000,'2017-03-13 04:40:01','2017-03-13 04:40:01'),
(97,56,'EL1190-FCS',13,3,10,70000,210000,'2017-03-13 04:44:47','2017-03-13 04:44:47'),
(98,57,'10572014',11,1,10,0,0,'2017-03-13 04:46:19','2017-03-13 04:46:19'),
(99,58,'367957',2,1,1,300000,300000,'2017-03-13 04:48:34','2017-03-13 04:48:34'),
(100,59,'CM0361B',1,1,0,0,0,'2017-03-13 04:51:30','2017-03-13 04:51:30'),
(101,60,'353072',19,2,17,70000,140000,'2017-03-13 04:57:18','2017-03-13 04:57:18'),
(102,61,'K1820 01',10,2,8,6714286,13428572,'2017-03-13 06:17:36','2017-03-13 06:17:36'),
(103,61,'M7122',2,1,1,1550000,1550000,'2017-03-13 06:17:36','2017-03-13 06:17:36'),
(104,61,'TIP-10-C',28,1,27,428571,428571,'2017-03-13 06:17:36','2017-03-13 06:17:36'),
(105,61,'TIP-250-C',22,1,21,500000,500000,'2017-03-13 06:17:36','2017-03-13 06:17:36'),
(106,62,'51304',1,1,0,2142857,2142857,'2017-03-13 06:24:57','2017-03-13 06:24:57'),
(107,63,'M95',15,1,14,0,0,'2017-03-13 06:26:31','2017-03-13 06:26:31'),
(108,64,'   ALKOHOL',15,5,10,0,0,'2017-03-13 06:27:55','2017-03-13 06:27:55'),
(109,65,'352096',32,1,31,285000,285000,'2017-03-13 06:30:20','2017-03-13 06:30:20'),
(110,66,'SH-90-15',30,1,29,0,0,'2017-03-27 04:09:44','2017-03-27 04:09:44'),
(111,67,'2345-050',1,1,0,0,0,'2017-03-27 04:13:36','2017-03-27 04:13:36'),
(112,68,'90-9081',20,10,10,250000,2500000,'2017-03-27 04:58:38','2017-03-27 04:58:38'),
(113,68,'TS-10-Rack',10,5,5,100000,500000,'2017-03-27 04:58:38','2017-03-27 04:58:38'),
(114,68,'TS-210-Rack',21,5,16,110000,550000,'2017-03-27 04:58:38','2017-03-27 04:58:38'),
(115,68,'TS-1100-Rack',23,5,18,130000,650000,'2017-03-27 04:58:38','2017-03-27 04:58:38'),
(116,68,'SH-90-15',29,25,4,60000,1500000,'2017-03-27 04:58:38','2017-03-27 04:58:38'),
(117,68,'5426023',1,1,0,395000,395000,'2017-03-27 04:58:38','2017-03-27 04:58:38'),
(118,68,'352096',31,10,21,240000,2400000,'2017-03-27 04:58:38','2017-03-27 04:58:38'),
(119,68,'352070',39,10,29,280000,2800000,'2017-03-27 04:58:38','2017-03-27 04:58:38'),
(120,68,'353072',17,10,7,64300,643000,'2017-03-27 04:58:38','2017-03-27 04:58:38'),
(121,69,'CT0013B',1,1,0,150000,150000,'2017-03-29 01:47:48','2017-03-29 01:47:48'),
(122,69,'CT0073B',3,1,2,150000,150000,'2017-03-29 01:47:48','2017-03-29 01:47:48'),
(123,69,'CT0024B',3,1,2,150000,150000,'2017-03-29 01:47:48','2017-03-29 01:47:48'),
(124,70,'DS2-500',1,1,0,577500,577500,'2017-03-29 01:52:00','2017-03-29 01:52:00'),
(125,71,'SH-90-15',4,4,0,0,0,'2017-03-29 01:54:08','2017-03-29 01:54:08'),
(126,72,'2400-0001-02',100,13,87,0,0,'2017-03-29 01:55:58','2017-03-29 01:55:58'),
(127,73,'GRM3960-0500',1,1,0,0,0,'2017-03-29 01:57:21','2017-03-29 01:57:21'),
(128,74,'Hnds',20,2,18,0,0,'2017-03-29 02:08:29','2017-03-29 02:08:29'),
(129,75,'AN0025A',1,1,0,0,0,'2017-03-29 02:13:13','2017-03-29 02:13:13'),
(130,76,'2400-0001-02',87,20,67,0,0,'2017-03-29 02:15:16','2017-03-29 02:15:16'),
(131,77,'220217',20,2,18,0,0,'2017-03-29 02:24:39','2017-03-29 02:24:39'),
(132,78,'A1120',3,1,2,0,0,'2017-03-29 02:26:07','2017-03-29 02:26:07'),
(133,79,'73200',50,30,20,7000,210000,'2017-04-04 03:51:08','2017-04-04 03:51:08'),
(134,80,'TIP-1100-B',6,1,5,500000,500000,'2017-04-04 03:57:39','2017-04-04 03:57:39'),
(135,80,'352070',29,1,28,400000,400000,'2017-04-04 03:57:39','2017-04-04 03:57:39'),
(136,81,'BR0055B',1,1,0,1250000,1250000,'2017-04-05 02:59:12','2017-04-05 02:59:12'),
(137,81,'R8311006',1,1,0,2750000,2750000,'2017-04-05 02:59:12','2017-04-05 02:59:12'),
(138,82,'CM0359B',1,1,0,0,0,'2017-04-05 03:02:22','2017-04-05 03:02:22'),
(139,83,'CARBON LOKAL',2000,2000,0,400,800000,'2017-04-05 03:08:54','2017-04-05 03:08:54'),
(140,84,'CT0013B',1,1,0,214286,214286,'2017-04-05 03:18:59','2017-04-05 03:18:59'),
(141,85,'CT0166B',1,1,0,544000,544000,'2017-04-05 03:25:53','2017-04-05 03:25:53'),
(142,85,'CT0223B',1,1,0,544000,544000,'2017-04-05 03:25:53','2017-04-05 03:25:53'),
(143,86,'ALKOHOL 96',0,30,0,31700,951000,'2017-04-18 02:10:23','2017-04-18 02:10:23'),
(144,87,'3022-10-N',10,2,8,80000,160000,'2017-04-18 02:15:09','2017-04-18 02:15:09'),
(145,88,'TIP-1100-B',5,1,4,0,0,'2017-04-18 02:16:55','2017-04-18 02:16:55'),
(146,89,'88-3203',10,2,8,110000,220000,'2017-04-18 02:29:51','2017-04-18 02:29:51'),
(147,94,'Aqd',20,2,18,0,0,'2017-05-09 04:55:58','2017-05-09 04:55:58'),
(148,95,'K1820 01',8,1,7,0,0,'2017-05-24 02:57:24','2017-05-24 02:57:24'),
(149,96,'K1820 01',7,1,6,5225000,5225000,'2017-05-24 03:01:15','2017-05-24 03:01:15'),
(150,99,'F13931',20,10,10,75000,750000,'2017-05-24 03:09:04','2017-05-24 03:09:04'),
(151,100,'F13931',10,10,0,75000,750000,'2017-05-24 03:14:26','2017-05-24 03:14:26'),
(152,101,'235474-5G',1,1,0,1892857,1892857,'2017-05-24 03:42:02','2017-05-24 03:42:02'),
(153,101,'P417D-10MG',1,1,0,1357143,1357143,'2017-05-24 03:42:02','2017-05-24 03:42:02'),
(154,102,'CM0003B',500,50,450,3500,175000,'2017-05-26 01:39:20','2017-05-26 01:39:20'),
(156,106,'E1004',1,1,0,0,0,'2017-05-26 01:53:31','2017-05-26 01:53:31'),
(157,107,'K1820 01',5,1,4,4750000,4750000,'2017-05-26 01:56:15','2017-05-26 01:56:15'),
(158,108,'B52',2,1,1,0,0,'2017-05-26 01:58:45','2017-05-26 01:58:45'),
(159,109,'CM0055B',2,1,1,1573000,1573000,'2017-05-26 02:12:06','2017-05-26 02:12:06'),
(160,110,'A13910050',1,1,0,0,0,'2017-05-26 02:14:10','2017-05-26 02:14:10'),
(161,111,'MCT-150-C',12,1,11,0,0,'2017-05-26 02:15:51','2017-05-26 02:15:51'),
(162,112,'73200',20,10,10,7000,70000,'2017-05-26 02:18:34','2017-05-26 02:18:34'),
(163,113,'CM0361B',1,1,0,0,0,'2017-05-26 02:19:48','2017-05-26 02:19:48'),
(164,114,'CT0417B',1,1,0,393500,393500,'2017-05-26 02:23:21','2017-05-26 02:23:21'),
(165,115,'88-3203',8,2,6,145000,290000,'2017-05-26 02:27:28','2017-05-26 02:27:28'),
(166,116,'POT FC',463,35,428,4500,157500,'2017-06-20 01:17:52','2017-06-20 01:17:52'),
(167,117,'SH-90-15',30,1,29,50000,50000,'2017-06-20 01:20:40','2017-06-20 01:20:40'),
(168,118,'Hnds',18,1,17,75000,75000,'2017-06-20 01:26:25','2017-06-20 01:26:25'),
(169,119,'K1820 01',14,1,13,0,0,'2017-06-20 01:29:32','2017-06-20 01:29:32'),
(170,119,'Hnds',17,1,16,0,0,'2017-06-20 01:29:32','2017-06-20 01:29:32'),
(171,120,'72210-5G',1,1,0,1000000,1000000,'2017-06-20 01:31:30','2017-06-20 01:31:30'),
(172,121,'K1820 01',13,1,12,5428571,5428571,'2017-06-20 01:35:59','2017-06-20 01:35:59'),
(173,122,'W291706-1KG',1,1,0,2057147,2057147,'2017-06-20 01:38:35','2017-06-20 01:38:35'),
(174,123,'Hnds',16,1,15,0,0,'2017-06-20 01:40:31','2017-06-20 01:40:31'),
(175,123,'   ALKOHOL',10,1,9,0,0,'2017-06-20 01:40:31','2017-06-20 01:40:31'),
(176,124,'ESgel B',8,8,0,20000,160000,'2017-06-20 01:51:00','2017-06-20 01:51:00'),
(177,124,'ESgel P',5,5,0,8000,40000,'2017-06-20 01:51:00','2017-06-20 01:51:00'),
(178,125,'BOX',5,1,4,25000,25000,'2017-06-20 01:54:58','2017-06-20 01:54:58'),
(179,126,'POT FC',428,10,418,4500,45000,'2017-06-20 01:57:27','2017-06-20 01:57:27'),
(180,127,'Hnds',15,1,14,0,0,'2017-06-20 02:07:33','2017-06-20 02:07:33'),
(181,128,'1010-060',8,1,7,50000,50000,'2017-06-20 02:09:56','2017-06-20 02:09:56'),
(182,129,'CM0337B',1,1,0,1378000,1378000,'2017-06-20 02:13:10','2017-06-20 02:13:10'),
(183,130,'K1820 01',12,1,11,5225000,5225000,'2017-06-20 02:15:11','2017-06-20 02:15:11'),
(184,131,'88-3204',10,1,9,125000,125000,'2017-06-20 02:19:37','2017-06-20 02:19:37'),
(185,132,'K1820 01',11,1,10,0,0,'2017-06-20 02:25:34','2017-06-20 02:25:34'),
(186,133,'Hnds',14,1,13,85000,85000,'2017-06-20 02:28:10','2017-06-20 02:28:10'),
(187,134,'10572014',10,1,9,2750000,2750000,'2017-06-20 02:37:51','2017-06-20 02:37:51'),
(188,135,'CT0003B',1,1,0,5621453,5621453,'2017-07-18 03:10:01','2017-07-18 03:10:01'),
(189,135,'CT0183B',1,1,0,562143,562143,'2017-07-18 03:10:01','2017-07-18 03:10:01'),
(190,135,'CT0054B',1,1,0,562143,562143,'2017-07-18 03:10:01','2017-07-18 03:10:01'),
(191,135,'CT0061B',1,1,0,562143,562143,'2017-07-18 03:10:01','2017-07-18 03:10:01'),
(192,135,'CT0024B',3,1,2,562143,562143,'2017-07-18 03:10:01','2017-07-18 03:10:01'),
(193,135,'CT0906B',1,1,0,562143,562143,'2017-07-18 03:10:01','2017-07-18 03:10:01'),
(194,138,'R8311006',1,1,0,2750000,2750000,'2017-07-18 03:14:25','2017-07-18 03:14:25'),
(195,139,'MCT-150-C',11,0,11,250000,0,'2017-07-18 03:30:15','2017-07-18 03:30:15'),
(196,140,'10572014',9,1,8,0,0,'2017-07-18 03:35:28','2017-07-18 03:35:28'),
(197,140,'TIP-1100-B',4,1,3,0,0,'2017-07-18 03:35:28','2017-07-18 03:35:28'),
(198,140,'R0611',10,1,9,0,0,'2017-07-18 03:35:28','2017-07-18 03:35:28'),
(199,141,'TIP-1100-B',3,1,2,785714,785714,'2017-07-18 03:48:46','2017-07-18 03:48:46'),
(200,141,'Hnds',13,1,12,121429,121429,'2017-07-18 03:48:46','2017-07-18 03:48:46'),
(201,142,'R0491',150,100,50,18150,1815000,'2017-07-18 03:54:10','2017-07-18 03:54:10'),
(202,143,'73200',10,10,0,9000,90000,'2017-07-18 03:59:11','2017-07-18 03:59:11'),
(203,144,'10572014',8,1,7,2750000,2750000,'2017-07-18 04:00:53','2017-07-18 04:00:53'),
(204,145,'M7122',1,1,0,858000,858000,'2017-07-18 04:48:17','2017-07-18 04:48:17'),
(205,146,'BC0096',1,1,0,3000000,3000000,'2017-08-04 03:17:18','2017-08-04 03:17:18'),
(206,147,'E-EL-H1445',1,1,0,4500000,4500000,'2017-08-04 03:19:50','2017-08-04 03:19:50'),
(207,149,'10572014',7,1,6,3437500,3437500,'2017-08-04 03:31:36','2017-08-04 03:31:36'),
(208,149,'TIP-10-C',27,1,26,356250,356250,'2017-08-04 03:31:36','2017-08-04 03:31:36'),
(209,150,'CM0041B',500,500,0,21000,10500000,'2017-08-04 03:43:11','2017-08-04 03:43:11'),
(210,152,'Hnds',12,1,11,0,0,'2017-08-04 03:49:40','2017-08-04 03:49:40'),
(211,152,'MKS',5,1,4,0,0,'2017-08-04 03:49:40','2017-08-04 03:49:40'),
(212,153,'88-3204',9,2,7,0,0,'2017-08-04 03:51:42','2017-08-04 03:51:42'),
(213,153,'MCT-150-C',11,1,10,0,0,'2017-08-04 03:51:42','2017-08-04 03:51:42'),
(214,154,'K1820 01',10,1,9,0,0,'2017-08-04 03:53:31','2017-08-04 03:53:31'),
(215,155,'SM0243',5,1,4,2671428,2671428,'2017-08-08 03:07:42','2017-08-08 03:07:42'),
(216,155,'TIP-210-Y',34,1,33,385714,385714,'2017-08-08 03:07:42','2017-08-08 03:07:42'),
(217,157,'41003-Biotium+',2,1,1,3116883,3116883,'2017-08-08 03:37:36','2017-08-08 03:37:36'),
(218,157,'10572014',6,1,5,39280571,39280571,'2017-08-08 03:37:36','2017-08-08 03:37:36'),
(219,157,'SM0243',4,1,3,2671428,2671428,'2017-08-08 03:37:36','2017-08-08 03:37:36'),
(220,157,'R0491',50,50,0,47150,2357500,'2017-08-08 03:37:36','2017-08-08 03:37:36'),
(221,157,'B52',1,1,0,2215000,2215000,'2017-08-08 03:37:36','2017-08-08 03:37:36'),
(222,157,'AB-0624',3,1,2,885714,885714,'2017-08-08 03:37:36','2017-08-08 03:37:36'),
(223,157,'MCT-150-C',10,1,9,500000,500000,'2017-08-08 03:37:36','2017-08-08 03:37:36'),
(224,157,'TIP-10-C',26,1,25,357143,357143,'2017-08-08 03:37:36','2017-08-08 03:37:36'),
(225,157,'TIP-210-Y',33,1,32,385714,385714,'2017-08-08 03:37:36','2017-08-08 03:37:36'),
(226,157,'TIP-1100-B',2,1,1,500000,500000,'2017-08-08 03:37:36','2017-08-08 03:37:36'),
(227,158,'MCT-150-C',9,1,8,500000,500000,'2017-08-08 03:46:38','2017-08-08 03:46:38'),
(228,159,'CM0003B',450,50,400,3500,175000,'2017-08-08 03:50:00','2017-08-08 03:50:00'),
(229,160,'ESgel P',5,4,1,20000,80000,'2017-08-08 03:55:54','2017-08-08 03:55:54'),
(230,160,'3860-096',1,1,0,80000,80000,'2017-08-08 03:55:54','2017-08-08 03:55:54'),
(231,160,'3815-012',19,1,18,80000,80000,'2017-08-08 03:55:54','2017-08-08 03:55:54'),
(232,161,'MCT-150-C',8,1,7,473500,473500,'2017-08-08 04:05:34','2017-08-08 04:05:34'),
(233,161,'TIP-1100-B',1,1,0,473500,473500,'2017-08-08 04:05:34','2017-08-08 04:05:34'),
(234,161,'Sp3',36,1,35,125,125,'2017-08-08 04:05:34','2017-08-08 04:05:34'),
(236,163,'Hnds Sensi Gloves',5,5,0,100000,500000,'2017-08-08 05:18:04','2017-08-08 05:18:04'),
(237,163,'Hnds',6,1,5,100000,100000,'2017-08-08 05:18:04','2017-08-08 05:18:04'),
(238,164,'9820TST15-105',33,5,28,9500,47500,'2017-08-18 03:40:00','2017-08-18 03:40:00'),
(239,164,'POT Steril',49,10,39,8125,81250,'2017-08-18 03:40:00','2017-08-18 03:40:00'),
(240,164,'ALKOHOL LAMP',1,1,0,50000,50000,'2017-08-18 03:40:00','2017-08-18 03:40:00'),
(241,164,'Rack TT KAYU',1,1,0,43750,43750,'2017-08-18 03:40:00','2017-08-18 03:40:00'),
(242,164,'Gegep',5,4,1,10625,42500,'2017-08-18 03:40:00','2017-08-18 03:40:00'),
(243,164,'Benedist',2,1,1,93750,93750,'2017-08-18 03:40:00','2017-08-18 03:40:00'),
(244,164,'Spritus',1,1,0,50000,50000,'2017-08-18 03:40:00','2017-08-18 03:40:00'),
(245,165,'ALKOHOL 96',5,5,0,30000,150000,'2017-08-18 03:46:54','2017-08-18 03:46:54'),
(246,166,'POT Steril',39,10,29,6500,65000,'2017-08-18 03:48:15','2017-08-18 03:48:15'),
(247,167,'MKS',4,1,3,43750,43750,'2017-08-18 03:52:05','2017-08-18 03:52:05'),
(248,167,'Hnds',5,1,4,100000,100000,'2017-08-18 03:52:05','2017-08-18 03:52:05'),
(249,167,'POT FC',418,100,318,5625,562500,'2017-08-18 03:52:05','2017-08-18 03:52:05'),
(250,167,'Sp3',35,1,34,125,125,'2017-08-18 03:52:05','2017-08-18 03:52:05'),
(251,170,'C10030',1,1,0,0,0,'2017-08-21 03:42:36','2017-08-21 03:42:36'),
(252,171,'CT0013B',1,1,0,562143,562143,'2017-08-21 03:55:49','2017-08-21 03:55:49'),
(253,171,'CT0024B',2,2,0,112429,224858,'2017-08-21 03:55:49','2017-08-21 03:55:49'),
(254,172,'60-0082',10,1,9,662857,662857,'2017-08-21 03:58:52','2017-08-21 03:58:52'),
(255,173,'E-EL-0060',1,1,0,6000000,6000000,'2017-08-21 04:08:30','2017-08-21 04:08:30'),
(256,174,'TIP-10-C',25,1,24,0,0,'2017-08-21 04:09:41','2017-08-21 04:09:41'),
(257,175,'POT Steril',29,10,19,6500,65000,'2017-08-21 04:11:31','2017-08-21 04:11:31'),
(258,176,'B52',3,1,2,0,0,'2017-08-28 03:11:13','2017-08-28 03:11:13'),
(259,178,'BIO-86005',1,1,0,0,0,'2017-09-06 02:37:28','2017-09-06 02:37:28'),
(260,179,'Hnds',4,1,3,0,0,'2017-09-11 01:59:37','2017-09-11 01:59:37'),
(261,179,'M95',14,1,13,0,0,'2017-09-11 01:59:37','2017-09-11 01:59:37'),
(262,180,'MCT-150-C',7,1,6,500000,500000,'2017-09-11 02:07:10','2017-09-11 02:07:10'),
(263,180,'60-0082',9,1,8,662857,662857,'2017-09-11 02:07:10','2017-09-11 02:07:10'),
(264,180,'TIP-10-C',24,1,23,428571,428571,'2017-09-11 02:07:10','2017-09-11 02:07:10'),
(265,180,'TIP-210-Y',32,1,31,358714,358714,'2017-09-11 02:07:10','2017-09-11 02:07:10'),
(266,180,'K1820 01',9,1,8,6785714,6785714,'2017-09-11 02:07:10','2017-09-11 02:07:10'),
(267,181,'Sqncg Genetika',10,1,9,384491,384491,'2017-09-14 04:16:36','2017-09-14 04:16:36'),
(268,182,'K1820 01',9,1,8,6785714,6785714,'2017-09-14 04:30:26','2017-09-14 04:30:26'),
(269,182,'Sqncg Genetika',9,1,8,1600000,1600000,'2017-09-14 04:30:26','2017-09-14 04:30:26'),
(270,183,'Sqncg Genetika',8,1,7,666734,666734,'2017-09-14 04:36:18','2017-09-14 04:36:18'),
(271,184,'Sqncg Genetika',7,1,6,872978,872978,'2017-09-14 04:40:04','2017-09-14 04:40:04'),
(272,185,'Sqncg Genetika',6,1,5,1475850,1475850,'2017-09-14 04:47:13','2017-09-14 04:47:13'),
(273,186,'Sqncg Genetika',5,1,4,485248,485248,'2017-09-14 04:50:06','2017-09-14 04:50:06'),
(274,187,'Sqncg Genetika',4,1,3,382240,382240,'2017-09-14 04:53:04','2017-09-14 04:53:04'),
(275,188,'Sqncg Genetika',3,1,2,562485,562485,'2017-09-14 04:54:58','2017-09-14 04:54:58'),
(276,189,'Sqncg Genetika',2,1,1,12800000,12800000,'2017-09-14 04:57:26','2017-09-14 04:57:26'),
(277,190,'CM0003B',400,50,350,3500,175000,'2017-09-27 02:50:39','2017-09-27 02:50:39'),
(278,191,'TST-SCR16-150',20,20,0,53750,1075000,'2017-09-27 02:54:18','2017-09-27 02:54:18'),
(279,192,'10572014',6,1,5,0,0,'2017-09-27 02:55:27','2017-09-27 02:55:27'),
(280,193,'E-EL H0109',1,1,0,6000000,6000000,'2017-09-27 03:15:52','2017-09-27 03:15:52'),
(281,194,'Hnds',3,2,1,100000,200000,'2017-09-27 03:53:12','2017-09-27 03:53:12'),
(282,194,'MKS',2,2,0,43750,87500,'2017-09-27 03:53:12','2017-09-27 03:53:12'),
(283,194,'POT FC',318,100,218,5625,562500,'2017-09-27 03:53:12','2017-09-27 03:53:12'),
(284,195,'CT0013B',3,3,0,135000,405000,'2017-09-27 04:03:36','2017-09-27 04:03:36'),
(285,196,'E- EL 0016 (96T)',1,1,0,6000000,6000000,'2017-09-27 04:23:11','2017-09-27 04:23:11'),
(286,197,'Sqncg Genetika',1,1,0,348000,348000,'2017-09-27 04:25:07','2017-09-27 04:25:07'),
(287,198,'E- EL 0006',1,1,0,5500000,5500000,'2017-09-27 04:37:31','2017-09-27 04:37:31'),
(288,199,'E- EL H1176',1,1,0,5500000,5500000,'2017-09-27 04:50:19','2017-09-27 04:50:19'),
(289,200,'E- EL 0065',3,3,0,6000000,18000000,'2017-09-27 04:56:57','2017-09-27 04:56:57'),
(290,201,'E- EL H0041',1,1,0,5500000,5500000,'2017-09-27 05:08:47','2017-09-27 05:08:47'),
(291,202,'E- EL H0042',1,1,0,6000000,6000000,'2017-09-27 05:48:22','2017-09-27 05:48:22'),
(292,202,'E- EL H0043',1,1,0,6000000,6000000,'2017-09-27 05:48:22','2017-09-27 05:48:22'),
(293,202,'E-EL-0060',1,1,0,6000000,6000000,'2017-09-27 05:48:22','2017-09-27 05:48:22'),
(294,203,'E- EL H5105',1,1,0,6000000,6000000,'2017-09-27 05:58:56','2017-09-27 05:58:56'),
(295,205,'POT Steril',19,19,0,6500,123500,'2017-09-27 06:12:00','2017-09-27 06:12:00'),
(296,205,'Sp3',34,1,33,100000,100000,'2017-09-27 06:12:00','2017-09-27 06:12:00'),
(297,206,'Sqncg Genetika',1,1,0,2273000,2273000,'2017-09-27 06:13:51','2017-09-27 06:13:51'),
(298,207,'10572014',5,1,4,3437500,3437500,'2017-09-27 06:15:47','2017-09-27 06:15:47'),
(299,208,'B52',2,1,1,1900000,1900000,'2017-09-27 06:17:09','2017-09-27 06:17:09'),
(300,209,'TIP-10-C',23,1,22,363750,363750,'2017-09-27 06:20:55','2017-09-27 06:20:55'),
(301,209,'TIP-210-Y',31,1,30,312500,312500,'2017-09-27 06:20:55','2017-09-27 06:20:55'),
(302,209,'ESgel B',5,5,0,25000,125000,'2017-09-27 06:20:55','2017-09-27 06:20:55'),
(303,210,'PC0706-0500',1,1,0,2685714,2685714,'2017-09-27 06:40:28','2017-09-27 06:40:28'),
(304,211,'A4082-0001',1,1,0,3891428,3891428,'2017-09-27 06:55:51','2017-09-27 06:55:51'),
(305,212,'TIP-10-C',22,1,21,356250,356250,'2017-09-27 06:56:53','2017-09-27 06:56:53'),
(306,213,'352096',21,2,19,500000,1000000,'2017-10-16 04:14:07','2017-10-16 04:14:07'),
(307,214,'R0611',9,2,7,250000,500000,'2017-10-16 04:17:51','2017-10-16 04:17:51'),
(308,215,'Hnds',1,1,0,100000,100000,'2017-10-16 04:21:02','2017-10-16 04:21:02'),
(309,216,'21802545',12,1,11,156250,156250,'2017-10-16 04:24:44','2017-10-16 04:24:44'),
(310,217,'88-3201',10,1,9,156250,156250,'2017-10-16 04:28:07','2017-10-16 04:28:07'),
(311,218,'88-3204',7,1,6,156250,156250,'2017-10-16 04:34:00','2017-10-16 04:34:00'),
(312,218,'TIP-210-Y',30,1,29,312500,312500,'2017-10-16 04:34:00','2017-10-16 04:34:00'),
(313,219,'TIP-210-Y',29,1,28,312500,312500,'2017-10-16 04:35:52','2017-10-16 04:35:52'),
(314,220,'Sqncg Genetika',1,1,0,1073714,1073714,'2017-10-16 04:44:21','2017-10-16 04:44:21'),
(315,221,'TIP-1100-B',10,1,9,468750,468750,'2017-10-16 04:46:37','2017-10-16 04:46:37'),
(316,222,'P-02X8-F',1,1,0,0,0,'2017-11-20 02:28:06','2017-11-20 02:28:06'),
(317,223,'352096',19,1,18,0,0,'2017-11-20 02:47:20','2017-11-20 02:47:20'),
(318,224,'TS-250-C-FS',52,1,51,250000,250000,'2017-11-20 02:52:59','2017-11-20 02:52:59'),
(319,225,'10572014',4,1,3,3928578,3928578,'2017-11-20 02:56:15','2017-11-20 02:56:15'),
(320,226,'352096',18,1,17,0,0,'2017-11-20 02:58:30','2017-11-20 02:58:30'),
(321,227,'POT FC',28,20,8,5625,112500,'2017-11-20 03:02:31','2017-11-20 03:02:31'),
(322,228,'352096',17,1,16,500000,500000,'2017-12-12 03:56:46','2017-12-12 03:56:46'),
(323,228,'352070',28,1,27,400,400,'2017-12-12 03:56:46','2017-12-12 03:56:46'),
(324,229,'ESgel B',10,5,5,20000,100000,'2017-12-12 06:42:48','2017-12-12 06:42:48'),
(325,230,'Hnds',1,1,0,0,0,'2017-12-12 06:59:18','2017-12-12 06:59:18'),
(326,230,'MKS',1,1,0,0,0,'2017-12-12 06:59:18','2017-12-12 06:59:18'),
(327,231,'352096',16,2,14,0,0,'2017-12-12 07:05:01','2017-12-12 07:05:01'),
(328,232,'TUBE-200-C',5,1,4,651857,651857,'2017-12-12 07:35:38','2017-12-12 07:35:38'),
(329,232,'   ALKOHOL',9,1,8,56250,56250,'2017-12-12 07:35:38','2017-12-12 07:35:38'),
(330,233,'365548-5G',1,1,0,1312500,1312500,'2017-12-12 07:41:02','2017-12-12 07:41:02'),
(331,233,'LSinCR202-10566016',1,1,0,1731250,1731250,'2017-12-12 07:41:02','2017-12-12 07:41:02'),
(339,237,'TIP-10-C',20,1,19,363750,363750,'2017-12-18 01:17:25','2017-12-18 01:17:25'),
(340,237,'TIP-210-Y',27,1,26,312500,312500,'2017-12-18 01:17:25','2017-12-18 01:17:25'),
(341,237,'ESgel B',5,5,0,35000,175000,'2017-12-18 01:17:25','2017-12-18 01:17:25'),
(342,238,'Sqncg Genetika',1,1,0,918000,918000,'2017-12-18 01:33:46','2017-12-18 01:33:46'),
(343,239,'ESAP13089',1,1,0,6250000,6250000,'2017-12-18 01:43:05','2017-12-18 01:43:05'),
(344,239,'S0894-25g',1,1,0,1760000,1760000,'2017-12-18 01:43:05','2017-12-18 01:43:05'),
(345,240,'353047',57,1,56,0,0,'2017-12-18 01:50:45','2017-12-18 01:50:45'),
(346,241,'K1820 01',8,2,6,6785714,13571428,'2017-12-18 01:59:32','2017-12-18 01:59:32'),
(347,242,'ESAP13089',1,1,0,0,0,'2017-12-18 02:03:23','2017-12-18 02:03:23'),
(348,243,'Hnds',1,1,0,0,0,'2017-12-18 02:14:09','2017-12-18 02:14:09'),
(349,244,'160272',400,8,392,2000,16000,'2017-12-18 02:31:25','2017-12-18 02:31:25'),
(350,245,'367957',1,1,0,428671,428671,'2017-12-18 02:47:51','2017-12-18 02:47:51'),
(351,245,'Hnds',1,1,0,15429,15429,'2017-12-18 02:47:51','2017-12-18 02:47:51'),
(352,245,'MKS',1,1,0,92857,92857,'2017-12-18 02:47:51','2017-12-18 02:47:51'),
(353,246,'ALKOHOL 96',1,1,0,50000,50000,'2017-12-18 02:56:01','2017-12-18 02:56:01'),
(354,246,'F13931',10,10,0,937500,9375000,'2017-12-18 02:56:01','2017-12-18 02:56:01'),
(355,247,'MCT-150-C',5,1,4,714286,714286,'2017-12-18 03:01:47','2017-12-18 03:01:47'),
(356,248,'TIP-10-C',19,1,18,0,0,'2017-12-18 03:04:38','2017-12-18 03:04:38'),
(357,249,'A1120',1,1,0,0,0,'2017-12-18 22:53:16','2017-12-18 22:53:16'),
(358,249,'MCT-150-C',4,1,3,0,0,'2017-12-18 22:53:16','2017-12-18 22:53:16'),
(359,249,'TIP-10-C',18,1,17,0,0,'2017-12-18 22:53:16','2017-12-18 22:53:16'),
(360,249,'TIP-210-Y',26,1,25,0,0,'2017-12-18 22:53:16','2017-12-18 22:53:16'),
(361,249,'TIP-1100-B',8,1,7,0,0,'2017-12-18 22:53:16','2017-12-18 22:53:16'),
(362,250,'88-3204',6,2,4,0,0,'2017-12-18 23:05:10','2017-12-18 23:05:10'),
(363,251,'352070',27,1,26,285000,285000,'2017-12-19 06:48:09','2017-12-19 06:48:09'),
(364,252,'POT FC',48,20,28,5625,112500,'2017-12-20 01:35:08','2017-12-20 01:35:08'),
(365,253,'65502-100G',1,1,0,1563000,1563000,'2017-12-20 01:52:24','2017-12-20 01:52:24'),
(366,253,'D133000-25G',1,1,0,1420000,1420000,'2017-12-20 01:52:24','2017-12-20 01:52:24'),
(367,254,'MCT-150-C',1,1,0,0,0,'2018-01-18 02:33:20','2018-01-18 02:33:20'),
(368,255,'2400-0001-02',67,15,52,9000,135000,'2018-01-18 02:41:43','2018-01-18 02:41:43'),
(369,256,'88-3204',4,2,2,0,0,'2018-01-18 02:43:29','2018-01-18 02:43:29'),
(370,257,'2400-0001-02',52,10,42,9000,90000,'2018-01-18 02:47:07','2018-01-18 02:47:07'),
(371,257,'352096',14,1,13,435000,435000,'2018-01-18 02:47:07','2018-01-18 02:47:07'),
(372,258,'160272',182,20,162,0,0,'2018-03-22 08:03:38','2018-03-22 08:03:38'),
(373,259,'MCT-150-C',10,1,9,0,0,'2018-03-22 08:09:57','2018-03-22 08:09:57'),
(374,261,'POT FC',516,15,501,0,0,'2018-03-22 08:13:38','2018-03-22 08:13:38'),
(375,263,'Hnds',20,1,19,85000,85000,'2018-03-22 08:19:59','2018-03-22 08:19:59'),
(376,264,'88-3202',10,2,8,169000,338000,'2018-03-22 08:24:46','2018-03-22 08:24:46'),
(377,264,'90-9081',10,1,9,168000,168000,'2018-03-22 08:24:46','2018-03-22 08:24:46'),
(378,264,'P1086-S',9,1,8,144000,144000,'2018-03-22 08:24:46','2018-03-22 08:24:46'),
(379,265,'352096',13,1,12,400000,400000,'2018-03-26 08:14:02','2018-03-26 08:14:02'),
(380,266,'CM0003B',350,350,0,0,0,'2018-03-26 08:21:52','2018-03-26 08:21:52'),
(381,266,'A1120',1,1,0,0,0,'2018-03-26 08:21:52','2018-03-26 08:21:52'),
(382,267,'TIP-10-C',18,1,17,302400,302400,'2018-03-26 08:23:29','2018-03-26 08:23:29'),
(383,268,'88-3204',2,1,1,0,0,'2018-03-26 08:26:06','2018-03-26 08:26:06'),
(384,269,'TIP-10-C',17,1,16,0,0,'2018-03-26 08:27:38','2018-03-26 08:27:38'),
(385,272,'88-3201',9,1,8,135000,135000,'2018-03-26 08:42:01','2018-03-26 08:42:01'),
(386,273,'2400-0001-02',42,20,22,9000,180000,'2018-03-26 08:47:29','2018-03-26 08:47:29'),
(387,273,'352096',12,1,11,435000,435000,'2018-03-26 08:47:29','2018-03-26 08:47:29'),
(388,274,'B52',1,1,0,2070000,2070000,'2018-03-26 08:59:38','2018-03-26 08:59:38'),
(389,274,'MCT-150-C',9,1,8,442000,442000,'2018-03-26 08:59:38','2018-03-26 08:59:38'),
(390,274,'TIP-210-Y',27,1,26,387500,387500,'2018-03-26 08:59:38','2018-03-26 08:59:38'),
(391,274,'60-0082',8,1,7,662500,662500,'2018-03-26 08:59:38','2018-03-26 08:59:38'),
(392,275,'K1820 01',6,1,5,0,0,'2018-03-26 09:03:25','2018-03-26 09:03:25'),
(393,276,'10572014',3,1,2,0,0,'2018-03-26 09:07:48','2018-03-26 09:07:48'),
(394,276,'MCT-150-C',8,1,7,0,0,'2018-03-26 09:07:48','2018-03-26 09:07:48'),
(395,276,'60-0082',7,1,6,0,0,'2018-03-26 09:07:48','2018-03-26 09:07:48'),
(396,277,'60-0082',6,1,5,662500,662500,'2018-03-26 09:19:30','2018-03-26 09:19:30'),
(397,277,'TIP-210-Y',26,1,25,387500,387500,'2018-03-26 09:19:30','2018-03-26 09:19:30'),
(398,278,'K1820 01',5,1,4,0,0,'2018-03-26 09:21:24','2018-03-26 09:21:24'),
(399,278,'CM0361B',1,1,0,0,0,'2018-03-26 09:21:24','2018-03-26 09:21:24'),
(400,279,'2400-0001-02',22,5,17,9000,45000,'2018-03-26 09:23:33','2018-03-26 09:23:33'),
(401,280,'88-3201',8,2,6,168750,337500,'2018-03-26 09:26:42','2018-03-26 09:26:42'),
(402,281,'1060092500',1,1,0,490240,490240,'2018-03-26 09:49:12','2018-03-26 09:49:12'),
(403,282,'88-3201',6,1,5,135000,135000,'2018-03-26 09:51:22','2018-03-26 09:51:22'),
(404,283,'SFCA025R',35,1,34,65000,65000,'2018-03-26 09:54:32','2018-03-26 09:54:32'),
(405,284,'SFCA025R',34,12,22,81250,975000,'2018-03-26 09:57:01','2018-03-26 09:57:01'),
(406,285,'9820TST15NP',3,1,2,595000,595000,'2018-03-26 10:25:18','2018-03-26 10:25:18'),
(407,285,'TIP-1100-B',7,1,6,468000,468000,'2018-03-26 10:25:18','2018-03-26 10:25:18'),
(408,286,'10572014',2,1,1,0,0,'2018-03-26 10:31:55','2018-03-26 10:31:55'),
(409,286,'SM0243',3,1,2,0,0,'2018-03-26 10:31:55','2018-03-26 10:31:55'),
(410,286,'TIP-10-C',16,1,15,0,0,'2018-03-26 10:31:55','2018-03-26 10:31:55'),
(411,286,'MCT-150-C',7,1,6,0,0,'2018-03-26 10:31:55','2018-03-26 10:31:55'),
(412,287,'160272',162,4,158,4000,16000,'2018-03-26 10:34:19','2018-03-26 10:34:19'),
(413,288,'MB14401',1,1,0,0,0,'2018-03-26 10:35:44','2018-03-26 10:35:44'),
(414,289,'MCT-150-C',6,1,5,500000,500000,'2018-03-26 10:38:57','2018-03-26 10:38:57'),
(415,289,'ALKOHOL 96',4,3,1,50000,150000,'2018-03-26 10:38:57','2018-03-26 10:38:57'),
(416,290,'BIO-25047',1,1,0,2826000,2826000,'2018-03-26 10:44:22','2018-03-26 10:44:22'),
(417,290,'Sqncg Genetika',2,1,1,1000000,1000000,'2018-03-26 10:44:22','2018-03-26 10:44:22'),
(418,291,'K1820 01',4,1,3,5485000,5485000,'2018-04-09 08:57:43','2018-04-09 08:57:43'),
(419,292,'109535',1,1,0,335000,335000,'2018-04-09 09:00:07','2018-04-09 09:00:07'),
(420,293,'PP1072-100',3,2,1,168000,336000,'2018-04-09 09:06:26','2018-04-09 09:06:26'),
(421,294,'88-3201',5,2,3,168750,337500,'2018-05-07 09:18:38','2018-05-07 09:18:38'),
(422,295,'RGJ.TKS.MP00.100',10,10,0,50000,500000,'2018-05-07 10:02:40','2018-05-07 10:02:40'),
(423,296,'41003-Biotium+',1,1,0,4188400,4188400,'2018-05-07 10:06:50','2018-05-07 10:06:50'),
(424,296,'K1820 01',3,1,2,6233750,6233750,'2018-05-07 10:06:50','2018-05-07 10:06:50'),
(425,297,'10572014',1,1,0,3781250,3781250,'2018-05-07 10:09:14','2018-05-07 10:09:14'),
(426,298,'352096',11,1,10,500000,500000,'2018-05-07 10:12:29','2018-05-07 10:12:29'),
(427,299,'SFCA025R',22,6,16,65000,390000,'2018-05-07 10:14:46','2018-05-07 10:14:46'),
(428,300,'TIP-210-Y',25,1,24,387500,387500,'2018-05-07 10:17:40','2018-05-07 10:17:40'),
(429,300,'MCT-150-C',5,1,4,442000,442000,'2018-05-07 10:17:40','2018-05-07 10:17:40'),
(430,302,'MCT-150-C',4,1,3,500000,500000,'2018-05-07 10:20:38','2018-05-07 10:20:38'),
(431,303,'TIP-1100-B',6,1,5,0,0,'2018-05-07 10:22:51','2018-05-07 10:22:51'),
(432,304,'TIP-210-Y',24,1,23,290000,290000,'2018-05-07 10:25:46','2018-05-07 10:25:46'),
(433,305,'Sqncg Genetika',1,1,0,382000,382000,'2018-05-07 10:27:32','2018-05-07 10:27:32'),
(434,306,'K1820 01',2,1,1,6233750,6233750,'2018-05-07 10:29:14','2018-05-07 10:29:14'),
(435,307,'2400-0001-02',17,7,10,9000,63000,'2018-05-07 10:31:35','2018-05-07 10:31:35'),
(436,310,'88-3200',9,2,7,168000,336000,'2018-05-07 10:37:15','2018-05-07 10:37:15'),
(437,311,'MCT-150-C',3,1,2,500000,500000,'2018-05-30 09:14:35','2018-05-30 09:14:35'),
(438,312,'88-3200',7,2,5,168750,337500,'2018-07-17 10:27:17','2018-07-17 10:27:17'),
(439,313,'Spritus',1,1,0,45000,45000,'2018-07-17 10:33:39','2018-07-17 10:33:39'),
(440,314,'Sqncg Genetika',2,1,1,929000,929000,'2018-07-17 10:36:01','2018-07-17 10:36:01'),
(441,315,'TIP-10-C',15,1,14,445500,445500,'2018-07-17 10:40:52','2018-07-17 10:40:52'),
(442,315,'TIP-210-Y',23,1,22,387500,387500,'2018-07-17 10:40:52','2018-07-17 10:40:52'),
(443,315,'TIP-1100-B',5,1,4,468000,468000,'2018-07-17 10:40:52','2018-07-17 10:40:52'),
(444,315,'MCT-150-C',2,1,1,442000,442000,'2018-07-17 10:40:52','2018-07-17 10:40:52'),
(445,315,'60-0082',5,1,4,662500,662500,'2018-07-17 10:40:52','2018-07-17 10:40:52'),
(446,316,'3810-006',26,14,12,100000,1400000,'2018-07-17 10:45:28','2018-07-17 10:45:28'),
(447,317,'88-3200',5,2,3,168750,337500,'2018-07-17 10:53:32','2018-07-17 10:53:32'),
(448,318,'SM0243',2,1,1,0,0,'2018-07-17 10:54:52','2018-07-17 10:54:52'),
(449,319,'SM0243',1,1,0,0,0,'2018-07-17 10:56:30','2018-07-17 10:56:30'),
(450,320,'BIO-25047',1,1,0,2826000,2826000,'2018-07-17 11:02:49','2018-07-17 11:02:49'),
(451,321,'CM0509B',1,1,0,931700,931700,'2018-07-17 11:05:48','2018-07-17 11:05:48'),
(452,322,'Spritus',2,1,1,40000,40000,'2018-07-17 11:09:25','2018-07-17 11:09:25'),
(453,324,'Aqua',2,2,0,45000,90000,'2018-07-26 08:31:12','2018-07-26 08:31:12'),
(454,325,'GRM3900-0500',1,1,0,0,0,'2018-07-26 08:33:49','2018-07-26 08:33:49'),
(455,326,'GRM853 500g',1,1,0,0,0,'2018-07-26 08:38:48','2018-07-26 08:38:48'),
(456,327,'S020-0100',1,1,0,330000,330000,'2018-08-07 10:08:52','2018-08-07 10:08:52'),
(457,328,'1.009.832.500',1,1,0,1100000,1100000,'2018-08-07 10:12:27','2018-08-07 10:12:27'),
(458,329,'9820TST15NP',100,12,88,12000,144000,'2018-08-07 10:20:11','2018-08-07 10:20:11'),
(459,333,'Aqua',1,1,0,45000,45000,'2018-10-29 10:24:25','2018-10-29 10:24:25'),
(460,334,'Aqua',2,2,0,45000,90000,'2018-10-29 10:26:19','2018-10-29 10:26:19'),
(461,335,'PORTABLE',1,1,0,41187000,41187000,'2018-10-29 10:54:56','2018-10-29 10:54:56'),
(462,336,'pot urine 30 cc',440,440,0,1500,660000,'2018-11-26 11:17:31','2018-11-26 11:17:31'),
(463,337,'CT0425B',5,1,4,150,150,'2018-11-26 11:23:01','2018-11-26 11:23:01'),
(464,338,'M7122',3,3,0,0,0,'2018-11-26 11:25:59','2018-11-26 11:25:59'),
(465,339,'TIP-10-C',14,1,13,0,0,'2018-11-26 11:27:57','2018-11-26 11:27:57'),
(466,339,'TIP-1100-B',10,1,9,0,0,'2018-11-26 11:27:57','2018-11-26 11:27:57'),
(467,340,'TIP-10-C',13,1,12,0,0,'2018-11-26 11:29:17','2018-11-26 11:29:17'),
(468,341,'88-3203',6,1,5,168000,168000,'2018-11-26 11:31:21','2018-11-26 11:31:21'),
(469,342,'POT FC',501,50,451,4500,225000,'2018-11-26 11:33:41','2018-11-26 11:33:41'),
(470,343,'109261',1,1,0,1232004,1232004,'2018-11-26 11:42:43','2018-11-26 11:42:43'),
(471,344,'Sp5',13,2,11,50000,100000,'2018-11-26 11:44:57','2018-11-26 11:44:57'),
(472,345,'TIP-1100-B',9,1,8,0,0,'2018-11-26 11:46:33','2018-11-26 11:46:33'),
(473,347,'ALKOHOL 96',1,1,0,0,0,'2018-11-26 11:52:36','2018-11-26 11:52:36'),
(474,347,'88-3201',3,1,2,0,0,'2018-11-26 11:52:36','2018-11-26 11:52:36'),
(475,347,'Hnds',19,1,18,0,0,'2018-11-26 11:52:36','2018-11-26 11:52:36'),
(476,347,'   ALKOHOL',8,1,7,0,0,'2018-11-26 11:52:36','2018-11-26 11:52:36'),
(477,348,'POT Steril',200,30,170,8100,243000,'2018-11-26 11:54:26','2018-11-26 11:54:26'),
(478,349,'R0491',1,1,0,3300000,3300000,'2018-11-26 11:59:57','2018-11-26 11:59:57'),
(479,349,'ALKOHOL 96',60,60,0,35000,2100000,'2018-11-26 11:59:57','2018-11-26 11:59:57'),
(480,350,'K0721',1,1,0,4425000,4425000,'2018-11-27 08:29:11','2018-11-27 08:29:11'),
(481,351,'CM0041B',2,1,1,1292500,1292500,'2018-11-27 08:32:34','2018-11-27 08:32:34'),
(482,353,'POT FC',451,20,431,4500,90000,'2018-11-27 08:40:00','2018-11-27 08:40:00'),
(483,353,'POT Steril',170,40,130,6500,260000,'2018-11-27 08:40:00','2018-11-27 08:40:00'),
(484,354,'CT0013B',2,1,1,678500,678500,'2018-11-27 08:43:28','2018-11-27 08:43:28'),
(485,354,'CT0073B',2,2,0,187500,375000,'2018-11-27 08:43:28','2018-11-27 08:43:28'),
(486,355,'88-3203',5,2,3,0,0,'2018-11-27 08:44:55','2018-11-27 08:44:55'),
(487,356,'352096',10,1,9,0,0,'2018-11-27 08:46:31','2018-11-27 08:46:31'),
(488,357,'CM0361B',1,1,0,0,0,'2018-11-27 08:49:07','2018-11-27 08:49:07'),
(489,358,'K1820 01',4,1,3,6233750,6233750,'2018-11-27 08:51:37','2018-11-27 08:51:37'),
(490,359,'K1820 01',3,1,2,0,0,'2018-11-27 08:59:04','2018-11-27 08:59:04'),
(491,360,'MCT-150-C',1,1,0,500000,500000,'2018-11-27 09:02:51','2018-11-27 09:02:51'),
(492,360,'POT FC',431,50,381,4500,225000,'2018-11-27 09:02:51','2018-11-27 09:02:51');

/*Table structure for table `det_masuk` */

DROP TABLE IF EXISTS `det_masuk`;

CREATE TABLE `det_masuk` (
  `id` int(10) unsigned NOT NULL AUTO_INCREMENT,
  `masuk_id` int(10) unsigned NOT NULL,
  `barang_kode` varchar(255) COLLATE utf8_unicode_ci NOT NULL,
  `stokawal` int(11) NOT NULL,
  `stokmasuk` int(11) NOT NULL,
  `stokakhir` int(11) NOT NULL,
  `harga` int(11) NOT NULL,
  `subtot` int(11) NOT NULL,
  `created_at` timestamp NULL DEFAULT NULL,
  `updated_at` timestamp NULL DEFAULT NULL,
  PRIMARY KEY (`id`)
) ENGINE=InnoDB AUTO_INCREMENT=206 DEFAULT CHARSET=utf8 COLLATE=utf8_unicode_ci;

/*Data for the table `det_masuk` */

insert  into `det_masuk`(`id`,`masuk_id`,`barang_kode`,`stokawal`,`stokmasuk`,`stokakhir`,`harga`,`subtot`,`created_at`,`updated_at`) values 
(1,1,'S0894-25g',0,1,1,1660000,1660000,'2017-02-06 02:34:44','2017-02-06 02:34:44'),
(2,2,'K1820 01',5,10,15,2500000,25000000,'2017-02-06 03:03:31','2017-02-06 03:03:31'),
(3,3,'PDH100',0,1,1,2100000,2100000,'2017-02-06 03:33:02','2017-02-06 03:33:02'),
(6,5,'352070',0,25,25,80512,2012800,'2017-02-06 07:17:26','2017-02-06 07:17:26'),
(7,5,'352096',2,10,12,168640,1686400,'2017-02-06 07:17:26','2017-02-06 07:17:26'),
(9,7,'41003-Biotium+',0,3,3,1880000,5640000,'2017-02-07 03:07:35','2017-02-07 03:07:35'),
(10,8,'MCT-150-C',4,10,14,208000,2080000,'2017-02-07 03:34:39','2017-02-07 03:34:39'),
(11,8,'PR0614-0500',0,1,1,1408000,1408000,'2017-02-07 03:34:39','2017-02-07 03:34:39'),
(12,8,'A6284-0100',0,1,1,1016000,1016000,'2017-02-07 03:34:39','2017-02-07 03:34:39'),
(13,8,'80096',0,10,10,76000,760000,'2017-02-07 03:34:39','2017-02-07 03:34:39'),
(14,9,'10572014',3,10,13,1500000,15000000,'2017-02-07 03:40:51','2017-02-07 03:40:51'),
(15,10,'Hnds',0,4,4,50000,200000,'2017-02-13 06:41:01','2017-02-13 06:41:01'),
(16,11,'Hnds',4,2,6,50000,100000,'2017-02-13 06:44:19','2017-02-13 06:44:19'),
(17,12,'TAK-201',0,1,1,2435000,2435000,'2017-02-22 02:26:45','2017-02-22 02:26:45'),
(18,13,'352070',19,20,39,100640,2012800,'2017-02-22 02:45:55','2017-02-22 02:45:55'),
(19,13,'352096',3,10,13,168640,1686400,'2017-02-22 02:45:55','2017-02-22 02:45:55'),
(20,14,'352096',13,20,33,168640,3372800,'2017-02-22 02:52:26','2017-02-22 02:52:26'),
(21,15,'A108-0100-phy',0,1,1,1256000,1256000,'2017-02-22 03:16:58','2017-02-22 03:16:58'),
(22,15,'M842-500G',0,1,1,880000,880000,'2017-02-22 03:16:58','2017-02-22 03:16:58'),
(23,15,'PC0706-0500',0,1,1,1184000,1184000,'2017-02-22 03:16:58','2017-02-22 03:16:58'),
(24,16,'CM0337B',0,1,1,1100000,1100000,'2017-02-22 03:36:36','2017-02-22 03:36:36'),
(25,16,'CT0020B',0,1,1,357500,357500,'2017-02-22 03:36:36','2017-02-22 03:36:36'),
(29,20,'BTL. 1L',0,10,10,3500,35000,'2017-03-08 02:23:03','2017-03-08 02:23:03'),
(30,20,'   ALKOHOL',0,20,20,22500,450000,'2017-03-08 02:23:03','2017-03-08 02:23:03'),
(31,21,'M95',0,15,15,160000,2400000,'2017-03-08 02:35:05','2017-03-08 02:35:05'),
(32,22,'5426015',0,2,2,162000,324000,'2017-03-08 03:19:21','2017-03-08 03:19:21'),
(33,23,'SH-90-15',0,30,30,35500,1065000,'2017-03-08 03:24:26','2017-03-08 03:24:26'),
(34,24,'TS-10-Rack',0,10,10,50000,500000,'2017-03-08 03:53:05','2017-03-08 03:53:05'),
(35,24,'TS-210-Rack',11,10,21,50000,500000,'2017-03-08 03:53:05','2017-03-08 03:53:05'),
(36,24,'TS-1100-Rack',18,5,23,50000,250000,'2017-03-08 03:53:05','2017-03-08 03:53:05'),
(37,25,'K1071',0,1,1,882000,882000,'2017-03-08 04:05:52','2017-03-08 04:05:52'),
(38,26,'B52',-2,3,1,703500,2110500,'2017-03-08 04:13:14','2017-03-08 04:13:14'),
(39,26,'SM0243',-1,2,1,1125000,2250000,'2017-03-08 04:13:14','2017-03-08 04:13:14'),
(40,27,'B49',0,1,1,1583000,1583000,'2017-03-08 04:26:06','2017-03-08 04:26:06'),
(41,27,'B52',1,1,2,895000,895000,'2017-03-08 04:26:06','2017-03-08 04:26:06'),
(42,28,'CM0361B',0,1,1,1237500,1237500,'2017-03-09 02:00:55','2017-03-09 02:00:55'),
(43,29,'51304',0,1,1,4050000,4050000,'2017-03-09 02:08:06','2017-03-09 02:08:06'),
(44,30,'CT0013B',0,1,1,269000,269000,'2017-03-09 02:15:50','2017-03-09 02:15:50'),
(45,31,'POT FC',3,500,503,2000,1000000,'2017-03-13 02:38:48','2017-03-13 02:38:48'),
(46,32,'P4543-10G',0,1,1,985500,985500,'2017-03-23 02:18:32','2017-03-23 02:18:32'),
(47,33,'AN0025A',0,1,1,572000,572000,'2017-03-23 02:29:34','2017-03-23 02:29:34'),
(48,34,'MCT-150-C',2,10,12,229000,2290000,'2017-03-23 02:34:38','2017-03-23 02:34:38'),
(49,35,'2400-0001-02',0,100,100,3600,360000,'2017-03-23 02:45:41','2017-03-23 02:45:41'),
(50,36,'GRM3960-0500',0,1,1,490400,490400,'2017-03-23 02:54:31','2017-03-23 02:54:31'),
(51,37,'CT0047B',0,1,1,294937,294937,'2017-03-23 03:03:42','2017-03-23 03:03:42'),
(52,38,'90-9081',0,20,20,195000,3900000,'2017-03-23 06:37:16','2017-03-23 06:37:16'),
(53,39,'60-0082',0,10,10,277000,2770000,'2017-03-27 04:06:08','2017-03-27 04:06:08'),
(54,39,'88-3200',0,10,10,63750,637500,'2017-03-27 04:06:08','2017-03-27 04:06:08'),
(55,39,'88-3201',0,10,10,63750,637500,'2017-03-27 04:06:08','2017-03-27 04:06:08'),
(56,39,'88-3202',0,10,10,63750,637500,'2017-03-27 04:06:08','2017-03-27 04:06:08'),
(57,39,'88-3203',0,10,10,63750,637500,'2017-03-27 04:06:08','2017-03-27 04:06:08'),
(58,39,'88-3204',0,10,10,63750,637500,'2017-03-27 04:06:08','2017-03-27 04:06:08'),
(60,41,'BR0055B',0,1,1,742500,742500,'2017-04-04 04:29:29','2017-04-04 04:29:29'),
(61,41,'CM0359B',0,1,1,1485000,1485000,'2017-04-04 04:29:29','2017-04-04 04:29:29'),
(62,41,'R8311006',0,1,1,1791240,1791240,'2017-04-04 04:29:29','2017-04-04 04:29:29'),
(63,42,'3022-10-N',0,10,10,72727,727270,'2017-04-05 02:36:45','2017-04-05 02:36:45'),
(64,42,'SH-90-15',0,30,30,47273,1418190,'2017-04-05 02:36:45','2017-04-05 02:36:45'),
(65,43,'CT0013B',0,1,1,1268125,1268125,'2017-04-05 02:51:12','2017-04-05 02:51:12'),
(66,43,'CT0166B',0,1,1,268125,268125,'2017-04-05 02:51:12','2017-04-05 02:51:12'),
(67,43,'CT0223B',0,1,1,268125,268125,'2017-04-05 02:51:12','2017-04-05 02:51:12'),
(68,44,'CARBON LOKAL',0,2000,2000,30,60000,'2017-04-18 01:40:45','2017-04-18 01:40:45'),
(69,45,'ALKOHOL 96',0,30,30,25000,750000,'2017-04-18 01:50:46','2017-04-18 01:50:46'),
(70,46,'F13931',0,20,20,60000,1200000,'2017-05-16 02:36:26','2017-05-16 02:36:26'),
(71,47,'235474-5G',0,1,1,844200,844200,'2017-05-22 04:30:58','2017-05-22 04:30:58'),
(72,47,'P417D-10MG',0,1,1,730800,730800,'2017-05-22 04:30:58','2017-05-22 04:30:58'),
(73,48,'F550 6',0,1,1,795000,795000,'2017-05-22 04:38:44','2017-05-22 04:38:44'),
(74,48,'F5881',0,1,1,865000,865000,'2017-05-22 04:38:44','2017-05-22 04:38:44'),
(75,49,'CM0055B',0,1,1,0,0,'2017-05-23 03:13:24','2017-05-23 03:13:24'),
(76,50,'E1004',0,1,1,2251213,2251213,'2017-05-23 03:23:33','2017-05-23 03:23:33'),
(77,51,'CT0417B',0,1,1,294937,294937,'2017-05-23 03:45:29','2017-05-23 03:45:29'),
(78,52,'CM0055B',1,1,2,1179750,1179750,'2017-05-23 03:47:51','2017-05-23 03:47:51'),
(79,53,'CM0361B',0,1,1,1361250,1361250,'2017-05-23 03:49:52','2017-05-23 03:49:52'),
(80,55,'5058548',22,36,58,13000,468000,'2017-06-03 02:07:23','2017-06-03 02:07:23'),
(81,56,'21802545',2,10,12,62045,620450,'2017-06-03 02:11:38','2017-06-03 02:11:38'),
(82,57,'72210-5G',0,1,1,679000,679000,'2017-06-03 02:29:04','2017-06-03 02:29:04'),
(83,57,'W291706-1KG',0,1,1,1457000,1457000,'2017-06-03 02:29:04','2017-06-03 02:29:04'),
(84,58,'F13931',0,10,10,60000,600000,'2017-06-19 02:26:01','2017-06-19 02:26:01'),
(85,59,'CT0003B',0,1,1,268125,268125,'2017-06-19 02:53:26','2017-06-19 02:53:26'),
(86,59,'CT0024B',2,1,3,268125,268125,'2017-06-19 02:53:26','2017-06-19 02:53:26'),
(87,59,'CT0054B',0,1,1,268125,268125,'2017-06-19 02:53:26','2017-06-19 02:53:26'),
(88,59,'CT0061B',0,1,1,268125,268125,'2017-06-19 02:53:26','2017-06-19 02:53:26'),
(89,59,'CT0183B',0,1,1,268125,268125,'2017-06-19 02:53:26','2017-06-19 02:53:26'),
(90,59,'CT0906B',0,1,1,268125,268125,'2017-06-19 02:53:26','2017-06-19 02:53:26'),
(91,60,'CM0337B',0,1,1,825000,825000,'2017-06-19 02:57:01','2017-06-19 02:57:01'),
(92,61,'K1820 01',4,10,14,2500000,25000000,'2017-06-19 03:01:14','2017-06-19 03:01:14'),
(93,62,'R8311006',0,1,1,1791240,1791240,'2017-07-18 02:53:44','2017-07-18 02:53:44'),
(94,63,'CM0041B',0,500,500,14000,7000000,'2017-08-04 02:35:09','2017-08-04 02:35:09'),
(95,64,'ER051',0,3,3,0,0,'2017-08-04 02:52:46','2017-08-04 02:52:46'),
(96,65,'SM0243',0,5,5,0,0,'2017-08-04 02:54:49','2017-08-04 02:54:49'),
(97,66,'BC0096',0,1,1,0,0,'2017-08-04 03:10:02','2017-08-04 03:10:02'),
(98,67,'E-EL-H1445',0,1,1,0,0,'2017-08-04 03:12:52','2017-08-04 03:12:52'),
(99,68,'BOTOL',0,5,5,29000,145000,'2017-08-08 02:48:26','2017-08-08 02:48:26'),
(100,69,'E-EL-H1355',0,6,6,0,0,'2017-08-08 02:53:09','2017-08-08 02:53:09'),
(101,70,'SAEP053',0,1,1,0,0,'2017-08-08 02:55:13','2017-08-08 02:55:13'),
(102,70,'E-SR125',0,1,1,0,0,'2017-08-08 02:55:13','2017-08-08 02:55:13'),
(103,72,'BPJX-103B',0,1,1,0,0,'2017-08-08 02:59:47','2017-08-08 02:59:47'),
(104,72,'BBS-V500',0,1,1,0,0,'2017-08-08 02:59:47','2017-08-08 02:59:47'),
(105,72,'BIOBASE-EL10A',0,1,1,0,0,'2017-08-08 02:59:47','2017-08-08 02:59:47'),
(106,73,'Hnds Sensi Gloves',0,5,5,44000,220000,'2017-08-08 04:08:43','2017-08-08 04:08:43'),
(107,74,'C10030',0,1,1,1991440,1991440,'2017-08-18 02:25:43','2017-08-18 02:25:43'),
(108,75,'ALKOHOL 96',0,5,5,30000,150000,'2017-08-18 02:35:28','2017-08-18 02:35:28'),
(109,76,'Rack TT KAYU',0,1,1,18000,18000,'2017-08-18 02:57:16','2017-08-18 02:57:16'),
(110,76,'Benedist',0,2,2,50000,100000,'2017-08-18 02:57:16','2017-08-18 02:57:16'),
(111,76,'Gegep',0,5,5,5000,25000,'2017-08-18 02:57:16','2017-08-18 02:57:16'),
(112,76,'Spritus',0,1,1,30000,30000,'2017-08-18 02:57:16','2017-08-18 02:57:16'),
(113,76,'ALKOHOL LAMP',0,1,1,25000,25000,'2017-08-18 02:57:16','2017-08-18 02:57:16'),
(114,78,'CT0024B',0,1,1,294937,294937,'2017-08-28 02:53:16','2017-08-28 02:53:16'),
(115,78,'CT0183B',0,1,1,294937,294937,'2017-08-28 02:53:16','2017-08-28 02:53:16'),
(116,79,'B52',0,3,3,0,0,'2017-08-28 03:10:20','2017-08-28 03:10:20'),
(117,80,'45638-250MG',0,1,1,1060000,1060000,'2017-09-06 02:11:47','2017-09-06 02:11:47'),
(118,82,'E-EL H0109',0,1,1,6000000,6000000,'2017-09-27 03:11:33','2017-09-27 03:11:33'),
(119,83,'MKS',0,2,2,40000,80000,'2017-09-27 03:34:24','2017-09-27 03:34:24'),
(120,84,'E- EL 0016 (96T)',0,1,1,5000000,5000000,'2017-09-27 04:18:57','2017-09-27 04:18:57'),
(121,85,'Sqncg Genetika',0,1,1,2000000,2000000,'2017-09-27 04:28:05','2017-09-27 04:28:05'),
(122,86,'E- EL 0006',0,1,1,5000000,5000000,'2017-09-27 04:35:47','2017-09-27 04:35:47'),
(123,88,'E- EL H1176',0,1,1,5000000,5000000,'2017-09-27 04:47:51','2017-09-27 04:47:51'),
(124,90,'E- EL 0065',0,3,3,5000000,15000000,'2017-09-27 04:54:58','2017-09-27 04:54:58'),
(125,91,'E- EL H0041',0,1,1,5000000,5000000,'2017-09-27 05:03:25','2017-09-27 05:03:25'),
(126,92,'E- EL H0042',0,1,1,5000000,5000000,'2017-09-27 05:22:32','2017-09-27 05:22:32'),
(127,92,'E- EL H0043',0,1,1,5000000,5000000,'2017-09-27 05:22:32','2017-09-27 05:22:32'),
(128,92,'E-EL-0060',0,1,1,5000000,5000000,'2017-09-27 05:22:32','2017-09-27 05:22:32'),
(129,93,'E- EL H5105',0,1,1,5000000,5000000,'2017-09-27 05:57:28','2017-09-27 05:57:28'),
(130,94,'PC0706-0500',0,1,1,1480000,1480000,'2017-09-27 06:38:01','2017-09-27 06:38:01'),
(131,94,'A4082-0001',0,1,1,2270000,2270000,'2017-09-27 06:38:01','2017-09-27 06:38:01'),
(132,95,'P-02X8-F',0,1,1,0,0,'2017-10-16 03:56:08','2017-10-16 03:56:08'),
(133,95,'TIP-1100-B',0,10,10,0,0,'2017-10-16 03:56:08','2017-10-16 03:56:08'),
(134,96,'Sqncg Genetika',0,1,1,0,0,'2017-10-16 04:07:15','2017-10-16 04:07:15'),
(135,97,'LSinCR202-10566016',0,1,1,1056000,1056000,'2017-11-07 02:04:14','2017-11-07 02:04:14'),
(136,98,'65502-100G',0,1,1,1042000,1042000,'2017-11-27 04:25:23','2017-11-27 04:25:23'),
(137,98,'D133000-25G',0,1,1,945000,945000,'2017-11-27 04:25:23','2017-11-27 04:25:23'),
(138,99,'365548-5G',0,1,1,790000,790000,'2017-11-27 04:53:27','2017-11-27 04:53:27'),
(139,99,'45653',0,1,1,1215000,1215000,'2017-11-27 04:53:27','2017-11-27 04:53:27'),
(140,100,'Hnds',0,1,1,50000,50000,'2017-12-12 06:50:00','2017-12-12 06:50:00'),
(141,100,'MKS',0,1,1,40000,40000,'2017-12-12 06:50:00','2017-12-12 06:50:00'),
(142,103,'CM0007B',0,1,1,1512500,1512500,'2017-12-18 08:45:42','2017-12-18 08:45:42'),
(143,103,'CM0055B',1,1,2,1573000,1573000,'2017-12-18 08:45:42','2017-12-18 08:45:42'),
(144,103,'CM0155B',0,1,1,2692250,2692250,'2017-12-18 08:45:42','2017-12-18 08:45:42'),
(145,103,'CM0277B',0,1,1,1331000,1331000,'2017-12-18 08:45:42','2017-12-18 08:45:42'),
(146,103,'CM0479B',0,1,1,2117500,2117500,'2017-12-18 08:45:42','2017-12-18 08:45:42'),
(147,103,'CT0038B',0,1,1,393250,393250,'2017-12-18 08:45:42','2017-12-18 08:45:42'),
(148,103,'CT0040B',0,1,1,393250,393250,'2017-12-18 08:45:42','2017-12-18 08:45:42'),
(149,103,'CT0043B',0,1,1,393250,393250,'2017-12-18 08:45:42','2017-12-18 08:45:42'),
(150,104,'MB0266A',0,1,1,968000,968000,'2017-12-18 08:51:09','2017-12-18 08:51:09'),
(151,105,'CT0005B',0,1,1,294937,294937,'2017-12-18 09:00:25','2017-12-18 09:00:25'),
(152,106,'AMMONIA',0,5,5,425000,2125000,'2018-01-10 02:47:30','2018-01-10 02:47:30'),
(153,106,'NITRAT',0,4,4,275000,1100000,'2018-01-10 02:47:30','2018-01-10 02:47:30'),
(154,106,'ALKALINITY',0,2,2,200000,400000,'2018-01-10 02:47:30','2018-01-10 02:47:30'),
(155,106,'CO2',0,4,4,175000,700000,'2018-01-10 02:47:30','2018-01-10 02:47:30'),
(156,107,'4040002',0,30,30,0,0,'2018-01-10 02:51:52','2018-01-10 02:51:52'),
(157,108,'CAP For Bottle',0,100,100,2700,270000,'2018-01-10 03:11:04','2018-01-10 03:11:04'),
(158,108,'250 Duran group',0,20,20,51000,1020000,'2018-01-10 03:11:04','2018-01-10 03:11:04'),
(159,108,'21802545',1,10,11,85000,850000,'2018-01-10 03:11:04','2018-01-10 03:11:04'),
(160,108,'500 Duran grup',0,20,20,58000,1160000,'2018-01-10 03:11:04','2018-01-10 03:11:04'),
(161,109,'Hnds',0,20,20,45000,900000,'2018-03-21 10:48:57','2018-03-21 10:48:57'),
(162,109,' 300.HAN.00028',0,40,40,18000,720000,'2018-03-21 10:48:57','2018-03-21 10:48:57'),
(163,109,'MKS',0,40,40,22000,880000,'2018-03-21 10:48:57','2018-03-21 10:48:57'),
(164,109,'BTL. 1L',10,1,11,10000,10000,'2018-03-21 10:48:57','2018-03-21 10:48:57'),
(165,110,'ALKOHOL 96',0,4,4,27000,108000,'2018-03-21 10:51:27','2018-03-21 10:51:27'),
(166,111,'MCT-150-C',0,10,10,0,0,'2018-03-21 10:55:43','2018-03-21 10:55:43'),
(167,112,'POT FC',16,500,516,2150,1075000,'2018-03-21 11:00:54','2018-03-21 11:00:54'),
(168,112,'POT Steril',0,200,200,2100,420000,'2018-03-21 11:00:54','2018-03-21 11:00:54'),
(169,113,'Sqncg Genetika',0,1,1,399000,399000,'2018-03-21 11:05:14','2018-03-21 11:05:14'),
(170,114,'BIO-25047',0,1,1,1874000,1874000,'2018-03-21 11:14:07','2018-03-21 11:14:07'),
(171,115,'CM0361B',0,1,1,149000,149000,'2018-03-21 11:20:31','2018-03-21 11:20:31'),
(172,116,'Sqncg Genetika',1,1,2,552000,552000,'2018-03-21 11:22:42','2018-03-21 11:22:42'),
(173,117,'MB14401',0,1,1,1155000,1155000,'2018-03-21 11:35:51','2018-03-21 11:35:51'),
(174,118,'GRM026-0500-him',0,1,1,1084000,1084000,'2018-05-07 09:31:24','2018-05-07 09:31:24'),
(175,119,'PP1072-100',1,20,21,70000,1400000,'2018-05-07 09:42:33','2018-05-07 09:42:33'),
(176,120,'RGJ.TKS.MP00.100',0,10,10,30000,300000,'2018-05-07 09:52:51','2018-05-07 09:52:51'),
(177,121,'CM0361B',0,1,1,907000,907000,'2018-05-30 09:18:39','2018-05-30 09:18:39'),
(178,122,'SFCA25-R-OMI',0,100,100,10600,1060000,'2018-05-30 09:31:13','2018-05-30 09:31:13'),
(179,123,'K1820 01',1,3,4,2400000,7200000,'2018-05-30 09:35:26','2018-05-30 09:35:26'),
(180,125,'Sqncg Genetika',0,1,1,667000,667000,'2018-07-16 10:20:12','2018-07-16 10:20:12'),
(181,126,'CM0041B',0,1,1,635250,635250,'2018-07-16 10:40:10','2018-07-16 10:40:10'),
(182,126,'CM0337B',0,1,1,907500,907500,'2018-07-16 10:40:11','2018-07-16 10:40:11'),
(183,126,'CT0013B',0,1,1,294937,294937,'2018-07-16 10:40:11','2018-07-16 10:40:11'),
(184,127,'Sqncg Genetika',1,1,2,1869000,1869000,'2018-07-16 10:42:20','2018-07-16 10:42:20'),
(185,128,'CM0509B',0,1,1,635250,635250,'2018-07-16 10:52:12','2018-07-16 10:52:12'),
(186,129,'A4082-0001',0,1,1,4514500,4514500,'2018-07-16 10:57:29','2018-07-16 10:57:29'),
(187,130,'GRM3900-0500',0,1,1,412500,412500,'2018-07-16 11:10:26','2018-07-16 11:10:26'),
(188,131,'02.1669.00',0,1,1,313635,313635,'2018-07-16 11:28:17','2018-07-16 11:28:17'),
(189,131,'04.1418.00',0,1,1,395455,395455,'2018-07-16 11:28:17','2018-07-16 11:28:17'),
(190,131,'K3914',0,1,1,9545,9545,'2018-07-16 11:28:17','2018-07-16 11:28:17'),
(191,132,'S020-0100',0,1,1,270000,270000,'2018-07-16 11:38:24','2018-07-16 11:38:24'),
(192,133,'Spritus',0,1,1,28000,28000,'2018-07-17 10:30:36','2018-07-17 10:30:36'),
(193,134,'S73411 ',0,60,60,23000,1380000,'2018-10-22 09:16:46','2018-10-22 09:16:46'),
(194,135,'S73411 ',60,2,62,27000,54000,'2018-10-22 09:21:23','2018-10-22 09:21:23'),
(195,136,'Sqncg Genetika',1,1,2,1524350,1524350,'2018-10-22 09:24:39','2018-10-22 09:24:39'),
(196,137,'Sqncg Genetika',2,1,3,1593900,1593900,'2018-10-22 09:26:27','2018-10-22 09:26:27'),
(197,140,'CT0425B',0,5,5,79000,395000,'2018-10-22 09:52:43','2018-10-22 09:52:43'),
(198,141,'M7122',0,3,3,550000,1650000,'2018-10-22 10:22:56','2018-10-22 10:22:56'),
(199,142,'S73411 ',62,2,64,690000,1380000,'2018-10-22 10:28:48','2018-10-22 10:28:48'),
(200,143,'TIP-1100-B',0,10,10,325000,3250000,'2018-10-29 09:52:15','2018-10-29 09:52:15'),
(201,143,'TUBE-170-C',0,5,5,225000,1125000,'2018-10-29 09:52:15','2018-10-29 09:52:15'),
(202,144,'K0721',0,1,1,2700000,2700000,'2018-10-29 09:57:59','2018-10-29 09:57:59'),
(203,145,'R0491',0,1,1,2200000,2200000,'2018-10-29 09:59:32','2018-10-29 09:59:32'),
(204,146,'CM0041B',1,1,2,940000,940000,'2018-10-29 10:10:18','2018-10-29 10:10:18'),
(205,146,'CT0013B',1,1,2,437000,437000,'2018-10-29 10:10:18','2018-10-29 10:10:18');

/*Table structure for table `distributor` */

DROP TABLE IF EXISTS `distributor`;

CREATE TABLE `distributor` (
  `id` int(10) unsigned NOT NULL AUTO_INCREMENT,
  `nmdistributor` varchar(255) COLLATE utf8_unicode_ci NOT NULL,
  `telepon` varchar(255) COLLATE utf8_unicode_ci DEFAULT NULL,
  `alamat` varchar(255) COLLATE utf8_unicode_ci DEFAULT NULL,
  `created_at` timestamp NULL DEFAULT NULL,
  `updated_at` timestamp NULL DEFAULT NULL,
  PRIMARY KEY (`id`)
) ENGINE=InnoDB AUTO_INCREMENT=25 DEFAULT CHARSET=utf8 COLLATE=utf8_unicode_ci;

/*Data for the table `distributor` */

insert  into `distributor`(`id`,`nmdistributor`,`telepon`,`alamat`,`created_at`,`updated_at`) values 
(1,'PT GENETIKA SCIENTIFIC INDONESIA','+62 21 298 668 75/76','Rukun Puri Mansion Blok A No.19 Jl. Lingkar Luar Barat,Kembangan Selatan  Jakarta Barat 11610','2017-01-23 05:11:26','2017-02-06 01:49:15'),
(2,'PT GAMMA SCIENTIFIK BIOLAB','08123546079','Jl. Bandara Abdul Saleh GF NO.29 Comorokandang ,MALANG 65138','2017-02-06 01:41:24','2017-02-06 01:52:09'),
(3,'PT NUTRILAB ','021-5321265/53668140/41','Jl.Raya  Kebayoran Lama 18 JAKARTA 12210- INDONESIA','2017-02-06 02:38:52','2017-02-06 02:40:24'),
(4,'PT GENEGRAFT LABS','021-58903119','Busines Kebun Jeruk F2 No.9 Jl.Meuya Ilir No.88 Meruya Utara JAKARTA 11620,INDONESIA','2017-02-06 02:49:09','2017-02-06 02:49:09'),
(5,'PT KRISTALINDO BIOLAB','031-5998626','Galaxi Bumi PermaiG6-3B SURABAYA','2017-02-06 02:53:57','2017-02-06 02:53:57'),
(6,'PT INTRALAB EKATAMA','0251-8359110','Jl.Terapi Raya AD2- Bumi Menteng Asri, Bogor16111','2017-02-06 02:56:39','2017-02-06 02:56:39'),
(7,'PT BIOGEN SCIENTIFIC','021-78833351','JAKARTA','2017-02-06 03:22:20','2017-02-06 03:22:20'),
(8,'Naluri Medika','','Padang','2017-02-13 06:38:55','2017-02-13 06:38:55'),
(9,'PT DIPA PUSPA LABSAINS','061 8446229','JL. Gatot Subroto No.40 T.Medan','2017-02-22 03:30:51','2017-02-22 03:30:51'),
(10,'PT CMSI','021-89835311','Jl.JEBEKA IX B Blok P6 ,CIKARANG-BEKASI,','2017-02-23 03:36:13','2017-02-23 03:36:13'),
(11,'PT BRATACO','0751-841460','JL.AGUS SALIM NO. 7A','2017-03-08 02:06:21','2017-03-08 02:06:21'),
(12,'PT HAN-INDO MILLENIUM','021-22 522 777','JAKARTA BARAT','2017-03-08 02:32:11','2017-03-08 02:32:11'),
(13,'PT MAB SUPPLY','021-78849315','JAKARTA SELATAN 12520','2017-03-08 03:27:06','2017-03-08 03:27:06'),
(14,'CV. RASANI','','JAKARTA','2017-03-13 02:24:36','2017-03-13 02:24:36'),
(15,'PT ENIGMA','021-30439749','ALAM SUTRA  , TANGGERANG BANTEN,','2017-03-23 03:08:12','2017-03-23 03:08:12'),
(16,'PT. PANDU BIOSAINS','021- 8415337','JAKARTA TIMUR','2017-05-17 01:45:12','2017-05-17 01:45:12'),
(17,'ELABSCIENCE','','','2017-08-04 03:08:07','2017-08-04 03:08:07'),
(18,'PT ALLTRANS JAkARTA','','JAKARTA','2017-08-08 02:15:11','2017-08-08 02:15:11'),
(19,'SCIENCEWERKE','021-5484232','JAKARTA BARAT','2017-08-16 02:32:42','2017-08-16 02:32:42'),
(20,'ET GROUP','','','2018-01-10 02:37:32','2018-01-10 02:37:32'),
(21,'PT. MLTP','','','2018-01-10 02:52:28','2018-01-10 02:52:28'),
(22,'PT. EKOMED','','JAKARTA','2018-03-21 09:37:23','2018-03-21 09:37:23'),
(23,'SARI KIMIA','','PADANG','2018-05-07 09:50:22','2018-05-07 09:50:22'),
(24,'PT.JAVA MANDIRI','','JAKARTA','2018-10-29 10:37:24','2018-10-29 10:37:24');

/*Table structure for table `kategori` */

DROP TABLE IF EXISTS `kategori`;

CREATE TABLE `kategori` (
  `id` int(10) unsigned NOT NULL AUTO_INCREMENT,
  `nmkategori` varchar(255) COLLATE utf8_unicode_ci NOT NULL,
  `created_at` timestamp NULL DEFAULT NULL,
  `updated_at` timestamp NULL DEFAULT NULL,
  PRIMARY KEY (`id`)
) ENGINE=InnoDB AUTO_INCREMENT=7 DEFAULT CHARSET=utf8 COLLATE=utf8_unicode_ci;

/*Data for the table `kategori` */

insert  into `kategori`(`id`,`nmkategori`,`created_at`,`updated_at`) values 
(1,'BIOTEK','2017-01-23 05:04:15','2017-01-25 02:33:30'),
(2,'MATERIAL KLINIK','2017-01-25 02:33:55','2017-01-25 02:33:55'),
(3,'MATERIAL KIMIA','2017-01-25 06:12:13','2017-01-25 06:12:13'),
(4,'ELISA KIT , ANTIBODI DAN IMUNOHISTOKIMIA','2017-01-26 05:21:20','2017-01-26 05:21:20'),
(5,'MATERIAL ALAT','2017-01-26 05:31:25','2017-01-26 05:31:25'),
(6,'MATERIAL GLASS-PLASTIK','2017-01-30 01:02:22','2017-01-30 01:02:22');

/*Table structure for table `keluar` */

DROP TABLE IF EXISTS `keluar`;

CREATE TABLE `keluar` (
  `id` int(10) unsigned NOT NULL AUTO_INCREMENT,
  `user_id` int(10) unsigned NOT NULL,
  `pelanggan_id` int(10) unsigned NOT NULL,
  `nobon` varchar(255) COLLATE utf8_unicode_ci NOT NULL,
  `tglkeluar` date NOT NULL,
  `totbay` int(11) NOT NULL,
  `status` enum('Lunas','Belum Lunas') COLLATE utf8_unicode_ci NOT NULL,
  `tgllunas` date DEFAULT NULL,
  `ket` varchar(255) COLLATE utf8_unicode_ci DEFAULT NULL,
  `created_at` timestamp NULL DEFAULT NULL,
  `updated_at` timestamp NULL DEFAULT NULL,
  PRIMARY KEY (`id`),
  UNIQUE KEY `keluar_nobon_unique` (`nobon`)
) ENGINE=InnoDB AUTO_INCREMENT=361 DEFAULT CHARSET=utf8 COLLATE=utf8_unicode_ci;

/*Data for the table `keluar` */

insert  into `keluar`(`id`,`user_id`,`pelanggan_id`,`nobon`,`tglkeluar`,`totbay`,`status`,`tgllunas`,`ket`,`created_at`,`updated_at`) values 
(1,2,1,'001/Q/Anbiotek/I/2017','2017-01-05',0,'Belum Lunas',NULL,'','2017-02-09 02:27:26','2017-02-09 02:27:26'),
(2,2,2,'002/Q/Anbiotek/I/2017','2017-01-05',0,'Belum Lunas',NULL,'','2017-02-09 02:29:12','2017-02-09 02:29:12'),
(3,2,5,'003/Q-Anbiotek/I/2017','2017-01-09',0,'Belum Lunas',NULL,'','2017-02-10 02:24:58','2017-02-10 02:24:58'),
(4,2,7,'004/Q-Anbiotek/I/2017','2017-01-09',1000000,'Lunas',NULL,'Barang belum Diskon 30%','2017-02-10 02:28:43','2017-02-10 02:28:43'),
(5,2,6,'005/Q-Anbiotek/I/2017','2017-01-09',1242857,'Belum Lunas',NULL,'Harga belum diskon 30% dan ppn 10%','2017-02-10 02:35:54','2017-02-10 02:35:54'),
(6,2,6,'006/Q/Anbiotek/I/2017','2017-01-09',1715000,'Belum Lunas',NULL,'Harga belum diskon 50% ','2017-02-10 02:49:40','2017-02-10 02:49:40'),
(7,2,8,'008/Q/Anbiotek/I/2017','2017-01-12',0,'Belum Lunas',NULL,'','2017-02-13 02:24:13','2017-02-13 02:24:13'),
(8,2,4,'009/Q/Anbiotek/I/2017','2017-01-12',0,'Belum Lunas',NULL,'','2017-02-13 03:05:36','2017-02-13 03:05:36'),
(9,2,9,'010/Q-Anbiotek/I/2017','2017-01-13',120000,'Lunas',NULL,'','2017-02-13 03:15:16','2017-02-13 03:15:16'),
(10,2,9,'011/Q-Anbiotek/I/2017','2017-01-14',350000,'Lunas',NULL,'','2017-02-13 03:17:39','2017-02-13 03:17:39'),
(11,2,4,'014/Q-Anbiotek/I/2017','2017-01-17',0,'Belum Lunas',NULL,'Barang Dadih Atau Danon','2017-02-13 03:46:53','2017-02-13 03:46:53'),
(12,2,5,'015/Q-Anbiotek/I/2017','2017-01-17',0,'Belum Lunas',NULL,'','2017-02-16 03:54:06','2017-02-16 03:54:06'),
(13,2,4,'016/Q-Anbiotek/I/2017','2017-01-18',0,'Belum Lunas',NULL,'','2017-02-16 03:55:56','2017-02-16 03:55:56'),
(14,2,10,'017/Q-Anbiotek/I/2017','2017-01-18',0,'Belum Lunas',NULL,'','2017-02-16 04:09:50','2017-02-16 04:09:50'),
(15,2,5,'018/Q-Anbiotek/I/2017','2017-01-18',0,'Belum Lunas',NULL,'','2017-02-16 04:11:34','2017-02-16 04:11:34'),
(16,2,8,'019/Q-Anbiotek/I/2017','2017-01-19',0,'Belum Lunas',NULL,'','2017-02-16 04:12:56','2017-02-16 04:12:56'),
(17,2,9,'020','2017-01-23',32000,'Belum Lunas',NULL,'Aquades Kak MELLA','2017-02-16 04:16:01','2017-02-16 04:16:01'),
(18,2,5,'021/Q-Anbiotek/I/2017','2017-01-23',0,'Belum Lunas',NULL,'','2017-02-16 04:19:32','2017-02-16 04:19:32'),
(19,2,11,'022/Q-Anbiotek/I/2017','2017-01-23',0,'Belum Lunas',NULL,'','2017-02-16 04:23:21','2017-02-16 04:23:21'),
(20,2,4,'023/Q-Anbiotek/I/2017','2017-01-24',0,'Belum Lunas',NULL,'','2017-02-16 04:25:05','2017-02-16 04:25:05'),
(21,2,4,'024/Q-Anbiotek/I/2017','2017-01-25',0,'Belum Lunas',NULL,'Dadih Probiotik','2017-02-16 04:27:12','2017-02-16 04:27:12'),
(22,2,10,'025/Q-Anbiotek/I/2017','2017-01-25',5771428,'Lunas',NULL,'Harga belum diskon 30%','2017-02-16 04:37:46','2017-02-16 04:37:46'),
(23,2,12,'026/Q-Anbiotek/I/2017','2017-01-25',285000,'Lunas',NULL,'','2017-02-16 04:49:54','2017-02-16 04:49:54'),
(24,2,13,'027/Q-Anbiotek/I/2017','2017-01-26',0,'Belum Lunas',NULL,'','2017-02-16 04:52:43','2017-02-16 04:52:43'),
(25,2,14,'028/Q-Anbiotek/I/2017','2017-01-26',0,'Belum Lunas',NULL,'','2017-02-16 05:04:37','2017-02-16 05:04:37'),
(26,2,13,'029/Q-Anbiotek/I/2017','2017-01-30',0,'Belum Lunas',NULL,'','2017-02-16 05:07:15','2017-02-16 05:07:15'),
(27,2,5,'030/Q/Anbiotek/I/2017','2017-01-31',0,'Belum Lunas',NULL,'','2017-02-16 06:03:41','2017-02-16 06:03:41'),
(28,2,5,'031/Q/Anbiotek/I/2017','2017-01-31',0,'Belum Lunas',NULL,'','2017-02-16 06:08:53','2017-02-16 06:08:53'),
(29,2,6,'032/Q/Anbiotek/II/2017','2017-02-01',7204286,'Belum Lunas',NULL,'Harga belum diskon 30%','2017-02-24 02:53:57','2017-02-24 02:53:57'),
(30,2,4,'033/Q/Anbiotek/II/2017','2017-02-01',0,'Belum Lunas',NULL,'','2017-02-24 02:55:37','2017-02-24 02:55:37'),
(31,2,15,'034/Q/Anbiotek/II/2017','2017-02-01',1607140,'Belum Lunas',NULL,'','2017-02-24 03:06:25','2017-02-24 03:06:25'),
(32,2,8,'035/Q/Anbiotek/II/2017','2017-02-02',514800,'Belum Lunas',NULL,'','2017-02-24 03:08:31','2017-02-24 03:08:31'),
(33,2,13,'037/Q/Anbiotek/II/2017','2017-02-03',0,'Belum Lunas',NULL,'','2017-02-24 03:16:00','2017-02-24 03:16:00'),
(34,2,5,'038/Q/Anbiotek/II/2017','2017-02-03',0,'Belum Lunas',NULL,'','2017-02-24 03:17:16','2017-02-24 03:17:16'),
(35,2,5,'039/Q/Anbiotek/II/2017','2017-02-04',0,'Belum Lunas',NULL,'','2017-02-24 03:26:06','2017-02-24 03:26:06'),
(36,2,9,'040/Q/Anbiotek/II/2017','2017-02-08',420000,'Lunas',NULL,'terdapat pemesan  #MCT-150-C... 30 Pcs TOTAL Rp.45.000','2017-02-24 03:31:04','2017-02-24 03:31:04'),
(37,2,5,'041/Q/Anbiotek/II/2017','2017-02-09',0,'Belum Lunas',NULL,'','2017-03-09 02:20:03','2017-03-09 02:20:03'),
(38,2,17,'044/Q/Anbiotek/II/2017','2017-02-13',1100000,'Lunas',NULL,'','2017-03-09 02:28:04','2017-03-09 02:28:04'),
(39,2,17,'045/Q/Anbiotek/II/2017','2017-03-13',435200,'Lunas',NULL,'','2017-03-09 02:29:57','2017-03-09 02:29:57'),
(40,2,18,'046/Q/Anbiotek/II/2017','2017-02-13',250000,'Lunas',NULL,'','2017-03-09 02:35:38','2017-03-09 02:35:38'),
(41,2,9,'043/Q/Anbiotek/II/2017','2017-02-13',750000,'Lunas',NULL,'Harga belum diskon 40%','2017-03-09 03:25:05','2017-03-09 03:25:05'),
(42,2,19,'047/Q/Anbiotek/II/2017','2017-02-13',85000,'Lunas',NULL,'','2017-03-13 02:09:46','2017-03-13 02:09:46'),
(43,2,5,'048/Q/Anbiotek/II/2017','2017-02-14',0,'Belum Lunas',NULL,'','2017-03-13 02:13:23','2017-03-13 02:13:23'),
(44,2,8,'049/Q/Anbiotek/II/2017','2017-02-14',180000,'Belum Lunas',NULL,'','2017-03-13 02:48:10','2017-03-13 02:48:10'),
(45,2,5,'050/Q/Anbiotek/II/2017','2017-02-16',0,'Lunas',NULL,'','2017-03-13 02:51:45','2017-03-13 02:51:45'),
(46,2,8,'051/Q/Anbiotek/II/2017','2017-02-02',660000,'Belum Lunas',NULL,'','2017-03-13 03:05:10','2017-03-13 03:05:10'),
(47,2,20,'053/Q/Anbiotek/II/2017','2017-02-17',21926400,'Belum Lunas',NULL,'tambah PPN 10%','2017-03-13 04:17:55','2017-03-13 04:17:55'),
(48,2,16,'054/Q/Anbiotek/II/2017','2017-02-17',175000,'Belum Lunas',NULL,'','2017-03-13 04:20:35','2017-03-13 04:20:35'),
(51,2,5,'057/Q/Anbiotek/II/2017','2017-02-20',0,'Belum Lunas',NULL,'','2017-03-13 04:27:50','2017-03-13 04:27:50'),
(52,2,9,'058/Q/Anbiotek/II/2017','2017-02-21',14000,'Lunas',NULL,'','2017-03-13 04:29:22','2017-03-13 04:29:22'),
(53,2,10,'052/Q/Anbiotek/II/2017','2017-02-17',493000,'Lunas',NULL,'','2017-03-13 04:33:03','2017-03-13 04:33:03'),
(54,2,5,'059/Q/Anbiotek/II/2017','2017-03-23',0,'Belum Lunas',NULL,'','2017-03-13 04:38:23','2017-03-13 04:38:23'),
(55,2,8,'060/Q/Anbiotek/II/2017','2017-02-23',4750000,'Belum Lunas',NULL,'','2017-03-13 04:40:01','2017-03-13 04:40:01'),
(56,2,9,'061/Q/Anbiotek/II/2017','2017-02-24',210000,'Lunas',NULL,'','2017-03-13 04:44:47','2017-03-13 04:44:47'),
(57,2,11,'062/Q/Anbiotek/II/2017','2017-02-24',0,'Belum Lunas',NULL,'','2017-03-13 04:46:19','2017-03-13 04:46:19'),
(58,2,3,'062','2017-02-24',300000,'Belum Lunas',NULL,'','2017-03-13 04:48:34','2017-03-13 04:48:34'),
(59,2,4,'065/Q/Anbiotek/III/2017','2017-03-01',0,'Belum Lunas',NULL,'','2017-03-13 04:51:30','2017-03-13 04:51:30'),
(60,2,9,'066/Q/Anbiotek/III/2017','2017-03-01',140000,'Lunas',NULL,'','2017-03-13 04:57:18','2017-03-13 04:57:18'),
(61,2,6,'068/Q/Anbiotek/III/2017','2017-03-06',15907143,'Belum Lunas',NULL,'Harga belum diskon 30%','2017-03-13 06:17:36','2017-03-13 06:17:36'),
(62,2,12,'069/Q/Anbiotek/III/2017','2017-03-06',2142857,'Belum Lunas',NULL,'','2017-03-13 06:24:57','2017-03-13 06:24:57'),
(63,2,5,'070/Q/Anbiotek/III/2017','2017-03-06',0,'Belum Lunas',NULL,'','2017-03-13 06:26:31','2017-03-13 06:26:31'),
(64,2,5,'072/Q/Anbiotek/III/2017','2017-03-07',0,'Belum Lunas',NULL,'','2017-03-13 06:27:55','2017-03-13 06:27:55'),
(65,2,12,'073/Q/Anbiotek/III/2017','2017-03-07',285000,'Belum Lunas',NULL,'','2017-03-13 06:30:20','2017-03-13 06:30:20'),
(66,2,4,'076/Q/Anbiotek/III/2017','2017-03-08',0,'Belum Lunas',NULL,'','2017-03-27 04:09:43','2017-03-27 04:09:43'),
(67,2,4,'013/Q-Anbiotek/I/2017','2017-01-16',0,'Belum Lunas',NULL,'ada brang Spuit Injektion 5cc ,10 pcs.','2017-03-27 04:13:36','2017-03-27 04:13:36'),
(68,2,16,'036/Q/Anbiotek/II/2017','2017-02-02',11938000,'Lunas',NULL,'masih ada sisa pembayaran Rp 1.250.000','2017-03-27 04:58:38','2017-03-27 04:58:38'),
(69,2,21,'077/Q/Anbiotek/III/2017','2017-03-14',450000,'Lunas',NULL,'','2017-03-29 01:47:48','2017-03-29 01:47:48'),
(70,2,20,'071/Q/Anbiotek/III/2017','2017-03-06',577500,'Belum Lunas',NULL,'','2017-03-29 01:52:00','2017-03-29 01:52:00'),
(71,2,4,'075/Q/Anbiotek/III/2017','2017-03-07',0,'Belum Lunas',NULL,'','2017-03-29 01:54:08','2017-03-29 01:54:08'),
(72,2,4,'080/Q/Anbiotek/III/2017','2017-03-15',0,'Belum Lunas',NULL,'','2017-03-29 01:55:58','2017-03-29 01:55:58'),
(73,2,5,'081/Q/Anbiotek/III/2017','2017-03-15',0,'Belum Lunas',NULL,'','2017-03-29 01:57:21','2017-03-29 01:57:21'),
(74,2,5,'082/Q/Anbiotek/III/2017','2017-03-15',0,'Belum Lunas',NULL,'','2017-03-29 02:08:29','2017-03-29 02:08:29'),
(75,2,4,'079/Q/Anbiotek/III/2017','2017-03-14',0,'Belum Lunas',NULL,'','2017-03-29 02:13:13','2017-03-29 02:13:13'),
(76,2,4,'084/Q/Anbiotek/III/2017','2017-03-17',0,'Belum Lunas',NULL,'','2017-03-29 02:15:16','2017-03-29 02:15:16'),
(77,2,4,'085/Q/Anbiotek/III/2017','2017-03-17',0,'Belum Lunas',NULL,'','2017-03-29 02:24:39','2017-03-29 02:24:39'),
(78,2,4,'087/Q/Anbiotek/III/2017','2017-03-20',0,'Belum Lunas',NULL,'','2017-03-29 02:26:07','2017-03-29 02:26:07'),
(79,2,9,'088/Q-Anbiotek/III/2017','2017-03-22',210000,'Lunas',NULL,'','2017-04-04 03:51:08','2017-04-04 03:51:08'),
(80,2,9,'089/Q-Anbiotek/III/2017','2017-03-22',900000,'Belum Lunas',NULL,'Harga Belum Masuk Diskon 30%','2017-04-04 03:57:39','2017-04-04 03:57:39'),
(81,2,22,'090/Q/Anbiotek/III/2017','2017-03-27',4000000,'Belum Lunas',NULL,'','2017-04-05 02:59:12','2017-04-05 02:59:12'),
(82,2,1,'091/Q/Anbiotek/III/2017','2017-03-27',0,'Belum Lunas',NULL,'','2017-04-05 03:02:22','2017-04-05 03:02:22'),
(83,2,9,'092/Q/Anbiotek/III/2017','2017-03-27',800000,'Lunas',NULL,'','2017-04-05 03:08:54','2017-04-05 03:08:54'),
(84,2,21,'093/Q/Anbiotek/III/2017','2017-03-30',214286,'Lunas',NULL,'','2017-04-05 03:18:59','2017-04-05 03:18:59'),
(85,2,17,'094/Q/Anbiotek/III/2017','2017-03-30',1088000,'Belum Lunas',NULL,'','2017-04-05 03:25:53','2017-04-05 03:25:53'),
(86,2,23,'095/Q-Anbiotek/IV/2017','2017-04-03',951000,'Belum Lunas',NULL,'','2017-04-18 02:10:23','2017-04-18 02:10:23'),
(87,2,24,'096/Q-Anbiotek/IV/2017','2017-04-03',160000,'Lunas',NULL,'','2017-04-18 02:15:09','2017-04-18 02:15:09'),
(88,2,5,'097/Q-Anbiotek/IV/2017','2017-04-04',0,'Belum Lunas',NULL,'','2017-04-18 02:16:55','2017-04-18 02:16:55'),
(89,2,8,'101/Q-Anbiotek/IV/2017','2017-04-12',220000,'Belum Lunas',NULL,'harga telah masuk diskon30% dan ppn10%','2017-04-18 02:29:51','2017-04-18 02:29:51'),
(94,2,4,'056/Q/Anbiotek/II/2017','2017-02-20',0,'Belum Lunas',NULL,'','2017-05-09 04:55:58','2017-05-09 04:55:58'),
(95,2,5,'102/Q-Anbiotek/IV/2017','2017-04-17',0,'Belum Lunas',NULL,'','2017-05-24 02:57:24','2017-05-24 02:57:24'),
(96,2,6,'103/Q-Anbiotek/IV/2017','2017-04-18',5225000,'Lunas',NULL,'harga bersih setelah diskon dan ppn.','2017-05-24 03:01:13','2017-05-24 03:01:13'),
(99,2,23,'104/Q-Anbiotek/IV/2017','2017-04-19',750000,'Belum Lunas',NULL,'','2017-05-24 03:09:04','2017-05-24 03:09:04'),
(100,2,6,'105/Q-Anbiotek/IV/2017','2017-04-19',750000,'Belum Lunas',NULL,'','2017-05-24 03:14:26','2017-05-24 03:14:26'),
(101,2,25,'109/Q-Anbiotek/IV/2017','2017-04-21',3250000,'Lunas',NULL,'harga belum diskon','2017-05-24 03:42:02','2017-05-24 03:42:02'),
(102,2,9,'110/Q-Anbiotek/IV/2017','2017-04-21',175000,'Lunas',NULL,'','2017-05-26 01:39:20','2017-05-26 01:39:20'),
(106,2,1,'114/Q-Anbiotek/IV/2017','2017-05-04',0,'Belum Lunas',NULL,'','2017-05-26 01:53:31','2017-05-26 01:53:31'),
(107,2,6,'099/Q/Anbiotek/IV/2017','2017-04-06',4750000,'Belum Lunas',NULL,'','2017-05-26 01:56:15','2017-05-26 01:56:15'),
(108,2,5,'107/Q-Anbiotek/IV/2017','2017-04-19',0,'Belum Lunas',NULL,'','2017-05-26 01:58:45','2017-05-26 01:58:45'),
(109,2,17,'101.1/Q-Anbiotek/IV/2017','2017-04-17',1573000,'Belum Lunas',NULL,'','2017-05-26 02:12:06','2017-05-26 02:12:06'),
(110,2,1,'117/Q-Anbiotek/V/2017','2017-05-09',0,'Belum Lunas',NULL,'','2017-05-26 02:14:10','2017-05-26 02:14:10'),
(111,2,5,'120/Q-Anbiotek/V/2017','2017-05-10',0,'Belum Lunas',NULL,'','2017-05-26 02:15:51','2017-05-26 02:15:51'),
(112,2,26,'121/Q-Anbiotek/V/2017','2017-05-12',70000,'Belum Lunas',NULL,'','2017-05-26 02:18:34','2017-05-26 02:18:34'),
(113,2,1,'122/Q-Anbiotek/V/2017','2017-05-12',0,'Belum Lunas',NULL,'','2017-05-26 02:19:48','2017-05-26 02:19:48'),
(114,2,17,'123/Q-Anbiotek/V/2017','2017-05-12',393500,'Lunas',NULL,'','2017-05-26 02:23:21','2017-05-26 02:23:21'),
(115,2,8,'124/Q-Anbiotek/V/2017','2017-05-15',290000,'Belum Lunas',NULL,'','2017-05-26 02:27:28','2017-05-26 02:27:28'),
(116,2,9,'125/Q-Anbiotek/V/2017','2017-05-15',157500,'Lunas',NULL,'','2017-06-20 01:17:52','2017-06-20 01:17:52'),
(117,2,9,'126/Q-Anbiotek/V/2017','2017-05-16',50000,'Lunas',NULL,'','2017-06-20 01:20:40','2017-06-20 01:20:40'),
(118,2,9,'127/Q-Anbiotek/V/2017','2017-06-16',75000,'Lunas',NULL,'','2017-06-20 01:26:25','2017-06-20 01:26:25'),
(119,2,5,'129/Q-Anbiotek/V/2017','2017-05-17',0,'Belum Lunas',NULL,'','2017-06-20 01:29:32','2017-06-20 01:29:32'),
(120,2,20,'130/Q-Anbiotek/V/2017','2017-05-19',1000000,'Belum Lunas',NULL,'','2017-06-20 01:31:30','2017-06-20 01:31:30'),
(121,2,6,'131/Q-Anbiotek/V/2017','2017-05-26',5428571,'Belum Lunas',NULL,'','2017-06-20 01:35:59','2017-06-20 01:35:59'),
(122,2,20,'132/Q-Anbiotek/V/2017','2017-05-29',2057147,'Lunas',NULL,'','2017-06-20 01:38:35','2017-06-20 01:38:35'),
(123,2,5,'133/Q-Anbiotek/V/2017','2017-05-29',0,'Belum Lunas',NULL,'','2017-06-20 01:40:31','2017-06-20 01:40:31'),
(124,2,27,'134/Q-Anbiotek/V/2017','2017-06-05',200000,'Lunas',NULL,'','2017-06-20 01:51:00','2017-06-20 01:51:00'),
(125,2,27,'135/Q-Anbiotek/V/2017','2017-06-05',25000,'Lunas',NULL,'','2017-06-20 01:54:58','2017-06-20 01:54:58'),
(126,2,9,'136/Q-Anbiotek/V/2017','2017-06-06',45000,'Lunas',NULL,'','2017-06-20 01:57:27','2017-06-20 01:57:27'),
(127,2,5,'138/Q-Anbiotek/V/2017','2017-06-07',0,'Belum Lunas',NULL,'','2017-06-20 02:07:33','2017-06-20 02:07:33'),
(128,2,21,'141/Q-Anbiotek/VI/2017','2017-06-08',50000,'Lunas',NULL,'','2017-06-20 02:09:56','2017-06-20 02:09:56'),
(129,2,28,'142/Q-Anbiotek/VI/2017','2017-06-09',1378000,'Lunas',NULL,'','2017-06-20 02:13:10','2017-06-20 02:13:10'),
(130,2,6,'143/Q-Anbiotek/VI/2017','2017-06-13',5225000,'Belum Lunas',NULL,'','2017-06-20 02:15:11','2017-06-20 02:15:11'),
(131,2,8,'146/Q-Anbiotek/VI/2017','2017-06-12',125000,'Belum Lunas',NULL,'','2017-06-20 02:19:37','2017-06-20 02:19:37'),
(132,2,1,'147/Q-Anbiotek/VI/2017','2017-06-12',0,'Belum Lunas',NULL,'','2017-06-20 02:25:34','2017-06-20 02:25:34'),
(133,2,17,'148/Q-Anbiotek/VI/2017','2017-06-12',85000,'Lunas',NULL,'','2017-06-20 02:28:10','2017-06-20 02:28:10'),
(134,2,10,'152/Q-Anbiotek/VI/2017','2017-06-15',2750000,'Belum Lunas',NULL,'','2017-06-20 02:37:51','2017-06-20 02:37:51'),
(135,2,17,'139/Q-Anbiotek/VI/2017','2017-06-07',8432168,'Lunas',NULL,'','2017-07-18 03:10:01','2017-07-18 03:10:01'),
(138,2,22,'144/Q-Anbiotek/VI/2017','2017-06-12',2750000,'Lunas',NULL,'','2017-07-18 03:14:25','2017-07-18 03:14:25'),
(139,2,20,'151/Q-Anbiotek/VI/2017','2017-06-15',0,'Lunas',NULL,'(Barang Sisa )','2017-07-18 03:30:15','2017-07-18 03:30:15'),
(140,2,1,'153/Q-Anbiotek/VI/2017','2017-06-21',0,'Belum Lunas',NULL,'','2017-07-18 03:35:28','2017-07-18 03:35:28'),
(141,2,9,'154/Q-Anbiotek/VI/2017','2017-06-22',907143,'Belum Lunas',NULL,'Harga Belum Masuk Diskon 30%','2017-07-18 03:48:46','2017-07-18 03:48:46'),
(142,2,6,'155/Q-Anbiotek/VII/2017','2017-07-05',1815000,'Belum Lunas',NULL,'','2017-07-18 03:54:10','2017-07-18 03:54:10'),
(143,2,30,'159/Q-Anbiotek/VII/2017','2017-07-14',90000,'Lunas',NULL,'','2017-07-18 03:59:11','2017-07-18 03:59:11'),
(144,2,10,'160/Q-Anbiotek/VII/2017','2017-07-17',2750000,'Belum Lunas',NULL,'','2017-07-18 04:00:53','2017-07-18 04:00:53'),
(145,2,6,'116/Q-Anbiotek/V/2017','2017-05-08',858000,'Belum Lunas',NULL,'','2017-07-18 04:48:17','2017-07-18 04:48:17'),
(146,2,31,'161/Q-Anbiotek/VIII/2017','2017-07-21',3000000,'Lunas',NULL,'','2017-08-04 03:17:18','2017-08-04 03:17:18'),
(147,2,32,'162/Q-Anbiotek/VII/2017','2017-07-21',4500000,'Lunas',NULL,'','2017-08-04 03:19:50','2017-08-04 03:19:50'),
(149,2,10,'164/Q-Anbiotek/VII/2017','2017-07-24',3793750,'Belum Lunas',NULL,'','2017-08-04 03:31:36','2017-08-04 03:31:36'),
(150,2,21,'165/Q-Anbiotek/VII/2017','2017-07-26',10500000,'Lunas',NULL,'','2017-08-04 03:43:10','2017-08-04 03:43:10'),
(152,2,8,'166/Q-Anbiotek/VII/2017','2017-07-26',0,'Belum Lunas',NULL,'','2017-08-04 03:49:40','2017-08-04 03:49:40'),
(153,2,8,'167/Q-Anbiotek/VII/2017','2017-07-27',0,'Belum Lunas',NULL,'','2017-08-04 03:51:42','2017-08-04 03:51:42'),
(154,2,5,'168/Q-Anbiotek/VII/2017','2017-07-28',0,'Belum Lunas',NULL,'','2017-08-04 03:53:31','2017-08-04 03:53:31'),
(155,2,6,'169/Q/Anbiotek/VII/2017','2017-07-27',3057142,'Belum Lunas',NULL,'Belum diskon 30%','2017-08-08 03:07:42','2017-08-08 03:07:42'),
(157,2,33,'170/Q/Anbiotek/VII/2017','2017-07-27',52269953,'Belum Lunas',NULL,'HARGA BELUM DISKON 30% DAN PPN 10%','2017-08-08 03:37:36','2017-08-08 03:37:36'),
(158,2,34,'171/Q/Anbiotek/VII/2017','2017-07-31',500000,'Belum Lunas',NULL,'','2017-08-08 03:46:38','2017-08-08 03:46:38'),
(159,2,9,'172/Q/Anbiotek/VII/2017','2017-07-31',175000,'Lunas',NULL,'','2017-08-08 03:50:00','2017-08-08 03:50:00'),
(160,2,27,'173/Q/Anbiotek/VIII/2017','2017-08-01',240000,'Lunas',NULL,'','2017-08-08 03:55:54','2017-08-08 03:55:54'),
(161,2,3,'174/Q/Anbiotek/VIII/2017','2017-08-04',947125,'Belum Lunas',NULL,'','2017-08-08 04:05:33','2017-08-08 04:05:33'),
(163,2,20,'175/Q/Anbiotek/VIII/2017','2017-08-07',600000,'Belum Lunas',NULL,'HARGA BELUM DISKON 30% DAN PPN 10% DAN TERDAPAT TRANSAKSI TISU GULUNG 20 PCS','2017-08-08 05:18:04','2017-08-08 05:18:04'),
(164,2,35,'177/Q-Anbiotek/VIII/2017','2017-08-08',408750,'Lunas',NULL,'','2017-08-18 03:40:00','2017-08-18 03:40:00'),
(165,2,34,'176/Q-Anbiotek/VIII/2017','2017-08-07',150000,'Belum Lunas',NULL,'','2017-08-18 03:46:54','2017-08-18 03:46:54'),
(166,2,9,'178/Q-Anbiotek/VIII/2017','2017-08-08',65000,'Lunas',NULL,'','2017-08-18 03:48:15','2017-08-18 03:48:15'),
(167,2,8,'179/Q-Anbiotek/VIII/2017','2017-08-09',706375,'Belum Lunas',NULL,'','2017-08-18 03:52:05','2017-08-18 03:52:05'),
(170,2,1,'182/Q-Anbiotek/VIII/2017','2017-08-14',0,'Belum Lunas',NULL,'','2017-08-21 03:42:36','2017-08-21 03:42:36'),
(171,2,17,'183/Q-Anbiotek/VIII/2017','2017-08-14',787001,'Belum Lunas',NULL,'','2017-08-21 03:55:49','2017-08-21 03:55:49'),
(172,2,10,'184/Q-Anbiotek/VIII/2017','2017-08-14',662857,'Belum Lunas',NULL,'tambah loading dy 1ml,, (stok di lab sisska) 1 tube','2017-08-21 03:58:52','2017-08-21 03:58:52'),
(173,2,36,'186/Q-Anbiotek/VIII/2017','2017-08-15',6000000,'Lunas',NULL,'','2017-08-21 04:08:30','2017-08-21 04:08:30'),
(174,2,1,'187/Q-Anbiotek/VIII/2017','2017-08-15',0,'Belum Lunas',NULL,'','2017-08-21 04:09:41','2017-08-21 04:09:41'),
(175,2,9,'188/Q-Anbiotek/VIII/2017','2017-08-15',65000,'Lunas',NULL,'','2017-08-21 04:11:31','2017-08-21 04:11:31'),
(176,2,1,'189/Q-Anbiotek/VIII/2017','2017-08-25',0,'Belum Lunas',NULL,'','2017-08-28 03:11:13','2017-08-28 03:11:13'),
(178,2,1,'191/Q-Anbiotek/VIII/2017','2017-08-30',0,'Belum Lunas',NULL,'','2017-09-06 02:37:28','2017-09-06 02:37:28'),
(179,2,1,'192/Q-Anbiotek/IX/2017','2017-09-05',0,'Belum Lunas',NULL,'','2017-09-11 01:59:37','2017-09-11 01:59:37'),
(180,2,6,'193/Q-Anbiotek/IX/2017','2017-09-05',8735856,'Belum Lunas',NULL,'HARGA BELUM DISKON 30% ','2017-09-11 02:07:10','2017-09-11 02:07:10'),
(181,2,23,'100/Q-Anbiotek/IV/2017','2017-04-12',384491,'Belum Lunas',NULL,'','2017-09-14 04:16:36','2017-09-14 04:16:36'),
(182,2,6,'111/Q-Anbiotek/VIII/2017','2017-04-26',8385714,'Lunas',NULL,'','2017-09-14 04:30:26','2017-09-14 04:30:26'),
(183,2,23,'112/Q-Ambiotek/IV/2017','2017-04-26',666734,'Belum Lunas',NULL,'','2017-09-14 04:36:18','2017-09-14 04:36:18'),
(184,2,9,'113/Q-Anbiotek/IV/2017','2017-04-26',872978,'Belum Lunas',NULL,'','2017-09-14 04:40:04','2017-09-14 04:40:04'),
(185,2,10,'150/Q-Anbiotek/VI/2017','2017-06-14',1475850,'Lunas',NULL,'','2017-09-14 04:47:13','2017-09-14 04:47:13'),
(186,2,23,'163/Q-Anbiotek/VII/2017','2017-07-24',485248,'Belum Lunas',NULL,'','2017-09-14 04:50:06','2017-09-14 04:50:06'),
(187,2,33,'180/Q-Anbiotek/VIII/2017','2017-08-10',382240,'Belum Lunas',NULL,'','2017-09-14 04:53:04','2017-09-14 04:53:04'),
(188,2,9,'181/Q-Anbiotek/VIII/2017','2017-08-10',562485,'Belum Lunas',NULL,'','2017-09-14 04:54:58','2017-09-14 04:54:58'),
(189,2,10,'190/Q-Anbiotek/VIII/2017','2017-08-28',12800000,'Lunas',NULL,'','2017-09-14 04:57:26','2017-09-14 04:57:26'),
(190,2,9,'194/Q-Anbiotek/IX/2017','2017-09-08',175000,'Lunas',NULL,'','2017-09-27 02:50:38','2017-09-27 02:50:38'),
(191,2,18,'195/Q-Anbiotek/IX/2017','2017-09-12',1075000,'Lunas',NULL,'','2017-09-27 02:54:18','2017-09-27 02:54:18'),
(192,2,1,'196/Q-Anbiotek/IX/2017','2017-09-14',0,'Belum Lunas',NULL,'','2017-09-27 02:55:27','2017-09-27 02:55:27'),
(193,2,9,'197/Q-Anbiotek/IX/2017','2017-09-18',6000000,'Lunas',NULL,'','2017-09-27 03:15:52','2017-09-27 03:15:52'),
(194,2,8,'198/Q-Anbiotek/IX/2017','2017-09-15',850000,'Belum Lunas',NULL,'HARGA BELUM DISKON 20% ','2017-09-27 03:53:12','2017-09-27 03:53:12'),
(195,2,21,'199/Q-Anbiotek/IX/2017','2017-09-15',405000,'Lunas',NULL,'','2017-09-27 04:03:36','2017-09-27 04:03:36'),
(196,2,9,'200/Q-Anbiotek/IX/2017','2017-09-19',6000000,'Lunas',NULL,'','2017-09-27 04:23:11','2017-09-27 04:23:11'),
(197,2,9,'201/Q-Anbiotek/IX/2017','2017-09-19',348000,'Lunas',NULL,'','2017-09-27 04:25:07','2017-09-27 04:25:07'),
(198,2,9,'202/Q-Anbiotek/IX/2017','2017-09-20',5500000,'Lunas',NULL,'','2017-09-27 04:37:31','2017-09-27 04:37:31'),
(199,2,9,'203/Q-Anbiotek/IX/2017','2017-09-20',5500000,'Lunas',NULL,'','2017-09-27 04:50:19','2017-09-27 04:50:19'),
(200,2,9,'204/Q-Anbiotek/IX/2017','2017-09-20',18000000,'Lunas',NULL,'','2017-09-27 04:56:57','2017-09-27 04:56:57'),
(201,2,9,'205/Q-Anbiotek/IX/2017','2017-09-20',5500000,'Lunas',NULL,'','2017-09-27 05:08:47','2017-09-27 05:08:47'),
(202,2,37,'206/Q-Anbiotek/IX/2017','2017-09-20',18000000,'Lunas',NULL,'','2017-09-27 05:48:22','2017-09-27 05:48:22'),
(203,2,38,'207/Q-Anbiotek/IX/2017','2017-09-20',6000000,'Lunas',NULL,'','2017-09-27 05:58:56','2017-09-27 05:58:56'),
(204,2,1,'208/Q-Anbiotek/IX/2017','2017-09-22',0,'Belum Lunas',NULL,'','2017-09-27 06:08:14','2017-09-27 06:08:14'),
(205,2,39,'209/Q-Anbiotek/IX/2017','2017-09-22',223500,'Lunas',NULL,'','2017-09-27 06:12:00','2017-09-27 06:12:00'),
(206,2,10,'210/Q-Anbiotek/IX/2017','2017-09-22',2273000,'Lunas',NULL,'','2017-09-27 06:13:51','2017-09-27 06:13:51'),
(207,2,10,'211/Q-Anbiotek/IX/2017','2017-09-23',3437500,'Lunas',NULL,'','2017-09-27 06:15:47','2017-09-27 06:15:47'),
(208,2,10,'213/Q-Anbiotek/IX/2017','2017-09-26',1900000,'Belum Lunas',NULL,'','2017-09-27 06:17:09','2017-09-27 06:17:09'),
(209,2,8,'212/Q-Anbiotek/IX/2017','2017-09-26',801250,'Belum Lunas',NULL,'','2017-09-27 06:20:55','2017-09-27 06:20:55'),
(210,2,20,'214/Q-Anbiotek/IX/2017','2017-09-26',2685714,'Lunas',NULL,'','2017-09-27 06:40:28','2017-09-27 06:40:28'),
(211,2,20,'215/Q-Anbiotek/IX/2017','2017-09-26',3891428,'Belum Lunas',NULL,'','2017-09-27 06:55:51','2017-09-27 06:55:51'),
(212,2,10,'216/Q-Anbiotek/IX/2017','2017-09-27',356250,'Lunas',NULL,'','2017-09-27 06:56:53','2017-09-27 06:56:53'),
(213,2,1,'217/Q-Anbiotek/IX/2017','2017-09-29',1000000,'Belum Lunas',NULL,'HARGA BELUM DISKON 30% ','2017-10-16 04:14:07','2017-10-16 04:14:07'),
(214,2,10,'218/Q-Anbiotek/IX/2017','2017-10-29',500000,'Lunas',NULL,'Belum diskon 20%','2017-10-16 04:17:51','2017-10-16 04:17:51'),
(215,2,8,'219/Q-Anbiotek/IX/2017','2017-09-29',100000,'Belum Lunas',NULL,'HARGA BELUM DISKON 20% ','2017-10-16 04:21:01','2017-10-16 04:21:01'),
(216,2,3,'220/Q-Anbiotek/IX/2017','2017-09-30',156250,'Lunas',NULL,'HARGA BELUM DISKON 20% ','2017-10-16 04:24:44','2017-10-16 04:24:44'),
(217,2,8,'221/Q-Anbiotek/X/2017','2017-10-02',156250,'Belum Lunas',NULL,'HARGA BELUM DISKON 20% ','2017-10-16 04:28:07','2017-10-16 04:28:07'),
(218,2,8,'222/Q-Anbiotek/X/2017','2017-10-05',468750,'Belum Lunas',NULL,'HARGA BELUM DISKON 20% ','2017-10-16 04:34:00','2017-10-16 04:34:00'),
(219,2,8,'223/Q-Anbiotek/X/2017','2017-10-06',312500,'Belum Lunas',NULL,'HARGA BELUM DISKON 20% ','2017-10-16 04:35:52','2017-10-16 04:35:52'),
(220,2,40,'224/Q-Anbiotek/X/2017','2017-10-11',1073714,'Belum Lunas',NULL,'HARGA BELUM DISKON 20% ','2017-10-16 04:44:21','2017-10-16 04:44:21'),
(221,2,8,'225/Q-Anbiotek/X/2017','2017-10-11',468750,'Belum Lunas',NULL,'HARGA BELUM DISKON 20% ','2017-10-16 04:46:37','2017-10-16 04:46:37'),
(222,2,1,'227/Q-Anbiotek/IX/2017','2017-10-16',0,'Belum Lunas',NULL,'','2017-11-20 02:28:06','2017-11-20 02:28:06'),
(223,2,1,'229/Q-Anbiotek/IX/2017','2017-10-16',0,'Belum Lunas',NULL,'','2017-11-20 02:47:20','2017-11-20 02:47:20'),
(224,2,42,'230/Q-Anbiotek/X/2017','2017-10-24',250000,'Belum Lunas',NULL,'','2017-11-20 02:52:59','2017-11-20 02:52:59'),
(225,2,33,'231/Q-Anbiotek/X/2017','2017-10-31',3928578,'Belum Lunas',NULL,'','2017-11-20 02:56:15','2017-11-20 02:56:15'),
(226,2,1,'232/Q-Anbiotek/X/2017','2017-10-25',0,'Belum Lunas',NULL,'','2017-11-20 02:58:30','2017-11-20 02:58:30'),
(227,2,9,'235/Q-Anbiotek/X/2017','2017-11-09',112500,'Lunas',NULL,'tambah MCT-250-C 40 pcs, rp 85.000','2017-11-20 03:02:31','2017-11-20 03:02:31'),
(228,2,15,'238/Q-Anbiotek/XI/2017','2017-11-03',500400,'Belum Lunas',NULL,'diskon 20 %','2017-12-12 03:56:46','2017-12-12 03:56:46'),
(229,2,8,'240/Q-Anbiotek/XI/2017','2017-11-21',100000,'Belum Lunas',NULL,'','2017-12-12 06:42:48','2017-12-12 06:42:48'),
(230,2,1,'233/Q-Anbiotek/XI/2017','2017-11-03',0,'Belum Lunas',NULL,'','2017-12-12 06:59:18','2017-12-12 06:59:18'),
(231,2,1,'241/Q-Anbiotek/XI/2017','2017-11-21',0,'Belum Lunas',NULL,'','2017-12-12 07:05:01','2017-12-12 07:05:01'),
(232,2,43,'  242/Q-Anbiotek/XI/2017','2017-11-22',708107,'Belum Lunas',NULL,'diskon 20 %','2017-12-12 07:35:38','2017-12-12 07:35:38'),
(233,2,44,' 243/Q-Anbiotek/XI/2017','2017-11-27',3043750,'Lunas',NULL,'diskon 20 %','2017-12-12 07:41:02','2017-12-12 07:41:02'),
(237,2,8,'212/Q-Anbiotek/IX/2017.(1)','2017-09-26',851250,'Belum Lunas',NULL,'Harga Belum Masuk Diskon 20%','2017-12-18 01:17:25','2017-12-18 01:17:25'),
(238,2,6,'055/Q-Anbiotek/II/2017','2017-02-20',918000,'Belum Lunas',NULL,'','2017-12-18 01:33:46','2017-12-18 01:33:46'),
(239,2,14,'067/Q-Anbiotek/III/2017','2017-03-01',8010000,'Belum Lunas',NULL,'','2017-12-18 01:43:05','2017-12-18 01:43:05'),
(240,2,1,'074/Q-Anbiotek/III/2017','2017-03-07',0,'Belum Lunas',NULL,'','2017-12-18 01:50:45','2017-12-18 01:50:45'),
(241,2,6,'078/Q-Anbiotek/III/2017','2017-12-14',13571428,'Belum Lunas',NULL,'','2017-12-18 01:59:32','2017-12-18 01:59:32'),
(242,2,14,'083/Q-Anbiotek/III/2017','2017-03-16',0,'Belum Lunas',NULL,'','2017-12-18 02:03:23','2017-12-18 02:03:23'),
(243,2,5,'098/Q-Anbiotek/IV/2017','2017-04-06',0,'Belum Lunas',NULL,'','2017-12-18 02:14:09','2017-12-18 02:14:09'),
(244,2,9,'106/Q-Anbiotek/IV/2017','2017-04-19',16000,'Belum Lunas',NULL,'','2017-12-18 02:31:25','2017-12-18 02:31:25'),
(245,2,8,'115/Q-Anbiotek/V/2017','2017-05-08',536957,'Belum Lunas',NULL,'','2017-12-18 02:47:51','2017-12-18 02:47:51'),
(246,2,29,'149/Q-Anbiotek/VI/2017','2017-06-13',9425000,'Belum Lunas',NULL,'','2017-12-18 02:56:01','2017-12-18 02:56:01'),
(247,2,9,'157/Q-Anbiotek/VII/2017','2017-07-06',714286,'Belum Lunas',NULL,'','2017-12-18 03:01:47','2017-12-18 03:01:47'),
(248,2,1,'158/Q-Anbiotek/VII/2017','2017-07-06',0,'Belum Lunas',NULL,'','2017-12-18 03:04:38','2017-12-18 03:04:38'),
(249,2,1,'244/Q-anbiotek/2017','2017-11-27',0,'Belum Lunas',NULL,'','2017-12-18 22:53:16','2017-12-18 22:53:16'),
(250,2,1,'247/Q-anbiotek/XII/2017','2017-12-05',0,'Belum Lunas',NULL,'','2017-12-18 23:05:10','2017-12-18 23:05:10'),
(251,2,9,'251/Q-Anbiotek/XII/2017','2017-12-13',285000,'Belum Lunas',NULL,'','2017-12-19 06:48:09','2017-12-19 06:48:09'),
(252,2,47,'235.1/Q-Anbiotek/XI/2017','2017-11-09',112500,'Belum Lunas',NULL,'terdapat pembelian  MCT-150_c 40 pcs','2017-12-20 01:35:08','2017-12-20 01:35:08'),
(253,2,41,'228/Q-Anbiotek/X/2017','2017-10-11',2983000,'Belum Lunas',NULL,'','2017-12-20 01:52:23','2017-12-20 01:52:23'),
(254,2,1,'001/Q-Anbiotek/I/2018','2018-01-03',0,'Belum Lunas',NULL,'','2018-01-18 02:33:20','2018-01-18 02:33:20'),
(255,2,9,'002/Q-Anbiotek/I/2018','2018-01-04',135000,'Lunas',NULL,'HARGA BELUM DISKON 20% ','2018-01-18 02:41:43','2018-01-18 02:41:43'),
(256,2,1,'003/Q-Anbiotek/I/2018','2018-01-05',0,'Lunas',NULL,'','2018-01-18 02:43:29','2018-01-18 02:43:29'),
(257,2,9,'004/Q-Anbiotek/I/2018','2018-01-08',525000,'Lunas',NULL,'HARGA BELUM DISKON 20% ','2018-01-18 02:47:07','2018-01-18 02:47:07'),
(258,2,9,'252/Q-Anbiotek/XII/2017','2017-12-19',0,'Belum Lunas',NULL,'','2018-03-22 08:03:38','2018-03-22 08:03:38'),
(259,2,34,'255/Q-Anbiotek/XII/2017','2017-12-20',0,'Lunas',NULL,'','2018-03-22 08:09:57','2018-03-22 08:09:57'),
(261,2,8,'257/Q-Anbiotek/XII/2017','2017-12-25',0,'Belum Lunas',NULL,'','2018-03-22 08:13:38','2018-03-22 08:13:38'),
(263,2,8,'005/Q-Anbiotek/I/2018','2018-01-12',85000,'Belum Lunas',NULL,'','2018-03-22 08:19:59','2018-03-22 08:19:59'),
(264,2,8,'006/Q-Anbiotek/I/2018','2018-01-15',650000,'Belum Lunas',NULL,'','2018-03-22 08:24:46','2018-03-22 08:24:46'),
(265,2,1,'007/Q-Anbiotek/I/2018','2018-01-19',400000,'Belum Lunas',NULL,'','2018-03-26 08:14:02','2018-03-26 08:14:02'),
(266,2,1,'008/Q-Anbiotek/I/2018','2018-01-22',0,'Belum Lunas',NULL,'','2018-03-26 08:21:52','2018-03-26 08:21:52'),
(267,2,11,'009/Q-Anbiotek/I/2018','2018-01-24',302400,'Belum Lunas',NULL,'','2018-03-26 08:23:29','2018-03-26 08:23:29'),
(268,2,1,'010/Q-Anbiotek/I/2018','2018-01-24',0,'Belum Lunas',NULL,'','2018-03-26 08:26:06','2018-03-26 08:26:06'),
(269,2,1,'011/Q-Anbiotek/I/2018','2018-01-24',0,'Belum Lunas',NULL,'','2018-03-26 08:27:38','2018-03-26 08:27:38'),
(271,2,9,'012/Q-Anbiotek/I/2018','2018-02-02',90000,'Lunas',NULL,'','2018-03-26 08:40:13','2018-03-26 08:40:13'),
(272,2,8,'013/Q-Anbiotek/II/2018','2018-02-03',135000,'Belum Lunas',NULL,'','2018-03-26 08:42:01','2018-03-26 08:42:01'),
(273,2,9,'015/Q-Anbiotek/II/2018','2018-02-09',615000,'Belum Lunas',NULL,'','2018-03-26 08:47:29','2018-03-26 08:47:29'),
(274,2,6,'017/Q-Anbiotek/II/2018','2018-02-14',3562000,'Belum Lunas',NULL,'','2018-03-26 08:59:38','2018-03-26 08:59:38'),
(275,2,1,'016/Q-Anbiotek/II/2018','2018-02-10',0,'Belum Lunas',NULL,'','2018-03-26 09:03:25','2018-03-26 09:03:25'),
(276,2,11,'018/Q-Anbiotek/II/2018','2018-02-19',0,'Belum Lunas',NULL,'','2018-03-26 09:07:48','2018-03-26 09:07:48'),
(277,2,9,'020/Q-Anbiotek/II/2018','2018-02-22',1050000,'Belum Lunas',NULL,'','2018-03-26 09:19:30','2018-03-26 09:19:30'),
(278,2,1,'022/Q-Anbiotek/II/2018','2018-02-27',0,'Belum Lunas',NULL,'','2018-03-26 09:21:24','2018-03-26 09:21:24'),
(279,2,9,'021/Q-Anbiotek/II/2018','2018-02-27',45000,'Belum Lunas',NULL,'','2018-03-26 09:23:33','2018-03-26 09:23:33'),
(280,2,8,'021.1/Q-Anbiotek/II/2018','2018-02-24',337500,'Belum Lunas',NULL,'','2018-03-26 09:26:42','2018-03-26 09:26:42'),
(281,2,43,'023/Q-Anbiotek/II/2018','2018-02-26',490240,'Belum Lunas',NULL,'','2018-03-26 09:49:12','2018-03-26 09:49:12'),
(282,2,8,'026/Q-Anbiotek/III/2018','2018-03-02',135000,'Belum Lunas',NULL,'','2018-03-26 09:51:22','2018-03-26 09:51:22'),
(283,2,9,'024/Q-Anbiotek/III/2018','2018-03-02',65000,'Belum Lunas',NULL,'','2018-03-26 09:54:32','2018-03-26 09:54:32'),
(284,2,9,'025/Q-Anbiotek/III/2018','2018-03-02',975000,'Belum Lunas',NULL,'','2018-03-26 09:57:01','2018-03-26 09:57:01'),
(285,2,9,'027/Q-Anbiotek/III/2018','2018-03-06',1063000,'Belum Lunas',NULL,'','2018-03-26 10:25:18','2018-03-26 10:25:18'),
(286,2,1,'028/Q-Anbiotek/III/2018','2018-03-07',0,'Belum Lunas',NULL,'','2018-03-26 10:31:55','2018-03-26 10:31:55'),
(287,2,9,'029/Q-Anbiotek/III/2018','2018-03-07',16000,'Lunas',NULL,'','2018-03-26 10:34:19','2018-03-26 10:34:19'),
(288,2,1,'032/Q-Anbiotek/III/2018','2018-03-12',0,'Belum Lunas',NULL,'','2018-03-26 10:35:44','2018-03-26 10:35:44'),
(289,2,7,'033/Q-Anbiotek/III/2018','2018-03-13',650000,'Lunas',NULL,'','2018-03-26 10:38:57','2018-03-26 10:38:57'),
(290,2,48,'035/Q-Anbiotek/III/2018','2018-03-13',3826000,'Belum Lunas',NULL,'','2018-03-26 10:44:22','2018-03-26 10:44:22'),
(291,2,6,'037/Q-Anbiotek/III/2018','2018-03-21',5485000,'Belum Lunas',NULL,'','2018-04-09 08:57:43','2018-04-09 08:57:43'),
(292,2,9,'038/Q-Anbiotek/III/2018','2018-03-21',335000,'Belum Lunas',NULL,'','2018-04-09 09:00:07','2018-04-09 09:00:07'),
(293,2,8,'039/Q-Anbiotek/III/2018','2018-04-06',336000,'Belum Lunas',NULL,'','2018-04-09 09:06:26','2018-04-09 09:06:26'),
(294,2,8,'040/Q-Anbiotek/IV/2018','2018-04-06',337500,'Belum Lunas',NULL,'','2018-05-07 09:18:38','2018-05-07 09:18:38'),
(295,2,9,'041/Q-Anbiotek/IV/2018','2018-04-09',500000,'Belum Lunas',NULL,'TERDAPAT TRANSAKSI CARBOL AKTIF SERBUK','2018-05-07 10:02:40','2018-05-07 10:02:40'),
(296,2,49,'043/Q-Anbiotek/IV/2018','2018-04-10',10422150,'Belum Lunas',NULL,'','2018-05-07 10:06:50','2018-05-07 10:06:50'),
(297,2,49,'045/Q-Anbiotek/IV/2018','2018-04-10',3781250,'Belum Lunas',NULL,'','2018-05-07 10:09:14','2018-05-07 10:09:14'),
(298,2,1,'046/Q-Anbiotek/IV/2018','2018-04-13',500000,'Belum Lunas',NULL,'','2018-05-07 10:12:29','2018-05-07 10:12:29'),
(299,2,9,'048/Q-Anbiotek/IV/2018','2018-04-19',390000,'Belum Lunas',NULL,'','2018-05-07 10:14:46','2018-05-07 10:14:46'),
(300,2,6,'050/Q-Anbiotek/IV/2018','2018-04-23',829500,'Belum Lunas',NULL,'','2018-05-07 10:17:40','2018-05-07 10:17:40'),
(302,2,8,'051/Q-Anbiotek/IV/2018','2018-05-26',500000,'Belum Lunas',NULL,'','2018-05-07 10:20:38','2018-05-07 10:20:38'),
(303,2,1,'052/Q-Anbiotek/IV/2018','2018-04-26',0,'Belum Lunas',NULL,'','2018-05-07 10:22:51','2018-05-07 10:22:51'),
(304,2,9,'049/Q-Anbiotek/IV/2018','2018-04-21',290000,'Belum Lunas',NULL,'','2018-05-07 10:25:46','2018-05-07 10:25:46'),
(305,2,6,'053/Q-Anbiotek/IV/2018','2018-04-26',382000,'Belum Lunas',NULL,'','2018-05-07 10:27:32','2018-05-07 10:27:32'),
(306,2,6,'054/Q-Anbiotek/IV/2018','2018-04-30',6233750,'Belum Lunas',NULL,'','2018-05-07 10:29:14','2018-05-07 10:29:14'),
(307,2,8,'055/Q-Anbiotek/IV/2018','2018-04-30',63000,'Belum Lunas',NULL,'','2018-05-07 10:31:35','2018-05-07 10:31:35'),
(310,2,8,'056/Q-Anbiotek/IV/2018','2018-05-02',336000,'Belum Lunas',NULL,'TERDAPAT TRANSAKSI CAIRAN SPITUS 1L','2018-05-07 10:37:15','2018-05-07 10:37:15'),
(311,2,9,'060/Q-Anbiotek/V/2018','2018-05-21',500000,'Lunas',NULL,'','2018-05-30 09:14:35','2018-05-30 09:14:35'),
(312,2,8,'062/Q-Anbiotek/VI/2018','2018-06-08',337500,'Belum Lunas',NULL,'','2018-07-17 10:27:17','2018-07-17 10:27:17'),
(313,2,9,'063/Q-Anbiotek/VI/2018','2018-06-26',45000,'Belum Lunas',NULL,'TERDAPAT TRANSAKSI PIPET TIP 100ul BLUE. 30 Pcs','2018-07-17 10:33:39','2018-07-17 10:33:39'),
(314,2,9,'064/Q-Anbiotek/VI/2018','2018-06-28',929000,'Belum Lunas',NULL,'','2018-07-17 10:36:01','2018-07-17 10:36:01'),
(315,2,6,'065/Q-Anbiotek/VI/2018','2018-06-28',2405500,'Belum Lunas',NULL,'','2018-07-17 10:40:52','2018-07-17 10:40:52'),
(316,2,50,'066/Q-Anbiotek/VII/2018','2018-07-02',1400000,'Lunas',NULL,'','2018-07-17 10:45:28','2018-07-17 10:45:28'),
(317,2,8,'067/Q-Anbiotek/VII/2018','2018-07-02',337500,'Belum Lunas',NULL,'','2018-07-17 10:53:32','2018-07-17 10:53:32'),
(318,2,1,'068/Q-Anbiotek/VII/2018','2018-07-02',0,'Belum Lunas',NULL,'','2018-07-17 10:54:52','2018-07-17 10:54:52'),
(319,2,11,'069/Q-Anbiotek/VII/2018','2018-07-02',0,'Belum Lunas',NULL,'','2018-07-17 10:56:30','2018-07-17 10:56:30'),
(320,2,6,'070/Q-Anbiotek/VII/2018','2018-07-02',2826000,'Belum Lunas',NULL,'','2018-07-17 11:02:49','2018-07-17 11:02:49'),
(321,2,51,'071/Q-Anbiotek/VII/2018','2018-07-09',931700,'Belum Lunas',NULL,'','2018-07-17 11:05:48','2018-07-17 11:05:48'),
(322,2,9,'074/Q-Anbiotek/VII/2018','2018-07-10',40000,'Lunas',NULL,'','2018-07-17 11:09:25','2018-07-17 11:09:25'),
(324,2,9,'075/Q-Anbiotek/VII/2018','2018-07-10',90000,'Lunas',NULL,'','2018-07-26 08:31:12','2018-07-26 08:31:12'),
(325,2,1,'077/Q-Anbiotek/VII/2018','2018-07-11',0,'Belum Lunas',NULL,'','2018-07-26 08:33:49','2018-07-26 08:33:49'),
(326,2,1,'079/Q-Anbiotek/VII/2018','2018-07-16',0,'Belum Lunas',NULL,'','2018-07-26 08:38:48','2018-07-26 08:38:48'),
(327,2,9,'083/Q-Anbiotek/VII/2018','2018-07-18',330000,'Belum Lunas',NULL,'','2018-08-07 10:08:52','2018-08-07 10:08:52'),
(328,2,6,'084/Q-Anbiotek/VII/2018','2018-07-20',1100000,'Belum Lunas',NULL,'','2018-08-07 10:12:27','2018-08-07 10:12:27'),
(329,2,9,'086/Q-Anbiotek/VII/2018','2018-07-26',144000,'Lunas',NULL,'','2018-08-07 10:20:11','2018-08-07 10:20:11'),
(333,2,9,'085/Q-Anbiotek/VII/2018','2018-07-23',45000,'Lunas',NULL,'','2018-10-29 10:24:25','2018-10-29 10:24:25'),
(334,2,9,'087/Q-Anbiotek/VII/2018','2018-07-26',90000,'Lunas',NULL,'','2018-10-29 10:26:19','2018-10-29 10:26:19'),
(335,2,37,'088/Q-Anbiotek/VII/2018','2018-07-30',41187000,'Lunas',NULL,'','2018-10-29 10:54:56','2018-10-29 10:54:56'),
(336,2,9,'093/Q-Anbiotek/VIII/2018','2018-08-24',660000,'Lunas',NULL,'DIKON 20 %','2018-11-26 11:17:31','2018-11-26 11:17:31'),
(337,2,9,'097/Q-Anbiotek/IX/2018','2018-09-03',150,'Lunas',NULL,'','2018-11-26 11:23:01','2018-11-26 11:23:01'),
(338,2,1,'098/Q-Anbiotek/VIII/2018','2018-09-03',0,'Belum Lunas',NULL,'','2018-11-26 11:25:59','2018-11-26 11:25:59'),
(339,2,1,'100/Q-Anbiotek/IX/2018','2018-09-12',0,'Lunas',NULL,'','2018-11-26 11:27:57','2018-11-26 11:27:57'),
(340,2,11,'101/Q-Anbiotek/IX/2018','2018-09-12',0,'Lunas',NULL,'','2018-11-26 11:29:17','2018-11-26 11:29:17'),
(341,2,8,'102/Q-Anbiotek/IX/2018','2018-09-14',168000,'Belum Lunas',NULL,'','2018-11-26 11:31:21','2018-11-26 11:31:21'),
(342,2,52,'103/Q-Anbiotek/IX/2018','2018-09-19',225000,'Lunas',NULL,'','2018-11-26 11:33:41','2018-11-26 11:33:41'),
(343,2,50,'105/Q-Anbiotek/IX/2018','2018-09-24',1232004,'Lunas',NULL,'','2018-11-26 11:42:43','2018-11-26 11:42:43'),
(344,2,3,'108/Q-Anbiotek/IX/2018','2018-09-28',100000,'Lunas',NULL,'','2018-11-26 11:44:57','2018-11-26 11:44:57'),
(345,2,11,'109/Q-Anbiotek/X/2018','2018-10-01',0,'Belum Lunas',NULL,'','2018-11-26 11:46:33','2018-11-26 11:46:33'),
(347,2,1,'109./Q-Anbiotek/X/2018','2018-10-11',0,'Belum Lunas',NULL,'','2018-11-26 11:52:36','2018-11-26 11:52:36'),
(348,2,9,'110/Q-Anbiotek/X/2018','2018-10-11',243000,'Lunas',NULL,'','2018-11-26 11:54:26','2018-11-26 11:54:26'),
(349,2,6,'111/Q-Anbiotek/X/2018','2018-10-12',5400000,'Lunas',NULL,'','2018-11-26 11:59:57','2018-11-26 11:59:57'),
(350,2,53,'112/Q-Anbiotek/X/2018','2018-10-15',4425000,'Lunas',NULL,'','2018-11-27 08:29:11','2018-11-27 08:29:11'),
(351,2,9,'113/Q-Anbiotek/X/2018','2018-10-10',1292500,'Lunas',NULL,'','2018-11-27 08:32:34','2018-11-27 08:32:34'),
(353,2,9,'114/Q-Anbiotek/X/2018','2018-11-15',350000,'Lunas',NULL,'','2018-11-27 08:40:00','2018-11-27 08:40:00'),
(354,2,45,'116/Q-Anbiotek/X/2018','2018-10-16',1053500,'Lunas',NULL,'','2018-11-27 08:43:28','2018-11-27 08:43:28'),
(355,2,1,'119/Q-Anbiotek/X/2018','2018-10-22',0,'Belum Lunas',NULL,'','2018-11-27 08:44:55','2018-11-27 08:44:55'),
(356,2,1,'120/Q-Anbiotek/X/2018','2018-10-30',0,'Belum Lunas',NULL,'','2018-11-27 08:46:31','2018-11-27 08:46:31'),
(357,2,1,'122/Q-Anbiotek/XI/2018','2018-11-02',0,'Belum Lunas',NULL,'','2018-11-27 08:49:07','2018-11-27 08:49:07'),
(358,2,10,'123/Q-Anbiotek/XI/2018','2018-11-02',6233750,'Lunas',NULL,'','2018-11-27 08:51:37','2018-11-27 08:51:37'),
(359,2,11,'124/Q-Anbiotek/XI/2018','2018-11-13',0,'Belum Lunas',NULL,'','2018-11-27 08:59:04','2018-11-27 08:59:04'),
(360,2,52,'129/Q-Anbiotek/XI/2018','2018-11-21',725000,'Belum Lunas',NULL,'','2018-11-27 09:02:51','2018-11-27 09:02:51');

/*Table structure for table `kontak` */

DROP TABLE IF EXISTS `kontak`;

CREATE TABLE `kontak` (
  `id` int(10) unsigned NOT NULL AUTO_INCREMENT,
  `nama` varchar(255) COLLATE utf8_unicode_ci NOT NULL,
  `email` varchar(255) COLLATE utf8_unicode_ci NOT NULL,
  `judul` varchar(255) COLLATE utf8_unicode_ci NOT NULL,
  `pesan` text COLLATE utf8_unicode_ci NOT NULL,
  `created_at` timestamp NULL DEFAULT NULL,
  `updated_at` timestamp NULL DEFAULT NULL,
  PRIMARY KEY (`id`)
) ENGINE=InnoDB AUTO_INCREMENT=12 DEFAULT CHARSET=utf8 COLLATE=utf8_unicode_ci;

/*Data for the table `kontak` */

insert  into `kontak`(`id`,`nama`,`email`,`judul`,`pesan`,`created_at`,`updated_at`) values 
(1,'Adi Raka Siwi','adiraka8@gmail.com','Test Message','Testing Testing Testing Testing Testing Testing\r\nTesting Testing Testing Testing Testing Testing\r\nTesting Testing Testing Testing Testing Testing\r\nTesting Testing Testing Testing Testing Testing','2017-01-23 02:52:38','2017-01-23 02:52:38'),
(2,'RichardInsiz','vankrupin@yandex.ru','Top list','Top casino \r\nhttp://game.topratinglist.com/','2018-04-30 05:13:28','2018-04-30 05:13:28'),
(3,'Manueltuh','gcrcompane@yandex.ru','list to by','Good afternoon, I would like to make an order. Here is a list of what I would like to buy. \r\n \r\nhttp://bit.ly/2xnC1lJ','2018-09-20 10:29:07','2018-09-20 10:29:07'),
(4,'Leslie Freda','travelbenefitsclub@gmail.com','Employee Benefits','https://bit.ly/2M1ib4f#V3pYNC8wNzN2Y25MOE9qdk9uSDMrZz09  My name is Leslie Freda and Im the director of corporate benefits for a large wholesale travel provider.  After reveiwing your website I thought you would benefit from our free employee travel benefits program.  Its free for everyone in your organization and can save you up to 70% off hotel bookings.  Click on the link above, and do a few searches too see what you guys can save!   I think youll love it!   Sincerely, Leslie Freda','2018-10-11 04:17:47','2018-10-11 04:17:47'),
(5,'GregoryItalk','katyusha.akimovichmedvedeva.83@mail.ru','Ciao!','Good man! \r\nLook at \r\na fine \r\noffer for you. \r\n \r\nhttp://bit.ly/2RWeXDx','2018-10-18 21:39:28','2018-10-18 21:39:28'),
(6,'Davidbum','pampushka1995@mail.ru','Hi!','Hi! Please note an important offers for you. \r\n \r\nhttp://bit.ly/2ELC2pL','2018-10-28 04:06:55','2018-10-28 04:06:55'),
(7,'eliseo','playtoy4pussycats@yahoo.com','That is offers','Ciao! Please note a best - A pleasant surprise of $/ 1600 welcome bonus.  Try and be our next winner. http://bit.ly/2JcjLkg','2018-10-29 13:34:20','2018-10-29 13:34:20'),
(8,'Jeff Adams','tripnado1@gmail.com','Reward your employees and customers','https://bit.ly/2OCwaDQ#QVM3SG1sbFRvQm1wOU1zMUV0T0oyZz09 Jeff Adams here.  Im the corproate liason for Tripnado.com, a new way to share hotel savings and generate revenue.  Its free to invite everyone in your organization (including your clients) and can save them up to 50% off hotel bookings.  Plus YOU earn 50% cash back on whatever they save!  Click on the link above, and do a few searches too see what you can save but more importantly what you can earn!   I think youll love it!   Sincerely, Jeff Adams ','2018-11-02 20:58:17','2018-11-02 20:58:17'),
(9,'Russification','gamblewa01@hotmail.com','There is a goodprize for win.','Hello! Here is  an important offers offers for you.   http://bit.ly/2J7uAnp','2018-11-06 00:13:27','2018-11-06 00:13:27'),
(10,'Charleslic','info@bergkvistab.se','Here is  an amazingoffer for you.',' Hi What we have here is , a goodoffers \r\n Are you in?  \r\n \r\nhttps://drive.google.com/file/d/1i20H8tJObIACsVm372FCeBzym_e9BPXE/preview','2018-11-16 18:05:32','2018-11-16 18:05:32'),
(11,'Sabbatean','winni_03_97@hotmail.com','There is a finepromotion for win.','Good man! Here is  a good bonus offer for you.   http://bit.ly/2J6UgR7','2018-11-18 11:11:05','2018-11-18 11:11:05');

/*Table structure for table `masuk` */

DROP TABLE IF EXISTS `masuk`;

CREATE TABLE `masuk` (
  `id` int(10) unsigned NOT NULL AUTO_INCREMENT,
  `user_id` int(10) unsigned NOT NULL,
  `nobon` varchar(255) COLLATE utf8_unicode_ci NOT NULL,
  `distributor_id` varchar(255) COLLATE utf8_unicode_ci NOT NULL,
  `tglmasuk` date NOT NULL,
  `totbay` int(11) NOT NULL,
  `status` enum('Lunas','Belum Lunas') COLLATE utf8_unicode_ci NOT NULL,
  `tgllunas` date DEFAULT NULL,
  `ket` varchar(255) COLLATE utf8_unicode_ci DEFAULT NULL,
  `created_at` timestamp NULL DEFAULT NULL,
  `updated_at` timestamp NULL DEFAULT NULL,
  PRIMARY KEY (`id`),
  UNIQUE KEY `masuk_nobon_unique` (`nobon`)
) ENGINE=InnoDB AUTO_INCREMENT=147 DEFAULT CHARSET=utf8 COLLATE=utf8_unicode_ci;

/*Data for the table `masuk` */

insert  into `masuk`(`id`,`user_id`,`nobon`,`distributor_id`,`tglmasuk`,`totbay`,`status`,`tgllunas`,`ket`,`created_at`,`updated_at`) values 
(1,2,'S0894-25g','2','2017-01-09',1660000,'Belum Lunas',NULL,'Pembayaran dry es Rp.100.000','2017-02-06 02:34:44','2017-02-06 02:34:44'),
(2,2,'DNF/0017/022','3','2017-01-16',25000000,'Belum Lunas',NULL,'harga belum real','2017-02-06 03:03:31','2017-02-06 03:03:31'),
(3,2,'PD-1701043','1','2017-01-19',2100000,'Lunas','2017-01-19','VAT10% =210.000 Biaya Kirim =76.000','2017-02-06 03:33:02','2017-02-06 06:54:56'),
(5,2,'GCL/30047/0117/DW','4','2017-01-23',3699200,'Belum Lunas',NULL,'VAT = Rp.369.920','2017-02-06 07:17:26','2017-02-06 07:17:26'),
(7,2,'PL 21498441/1/17','6','2017-01-26',5640000,'Belum Lunas',NULL,'','2017-02-07 03:07:35','2017-02-07 03:07:35'),
(8,2,'PL 21498402/1/17','6','2017-01-23',5264000,'Belum Lunas',NULL,'','2017-02-07 03:34:38','2017-02-07 03:34:38'),
(9,2,'F/0117/151','3','2017-01-30',15000000,'Belum Lunas',NULL,'','2017-02-07 03:40:51','2017-02-07 03:40:51'),
(10,2,'17/1/17','8','2017-01-17',200000,'Lunas',NULL,'','2017-02-13 06:41:01','2017-02-13 06:41:01'),
(11,2,'19/1/17','8','2017-01-19',100000,'Lunas',NULL,'','2017-02-13 06:44:19','2017-02-13 06:44:19'),
(12,2,'PD-1701107','1','2017-02-06',2435000,'Lunas',NULL,'Harga Ingklut Ongkir Dan VAT10%','2017-02-22 02:26:45','2017-02-22 02:26:45'),
(13,2,'GCL/30100/0217/DW','4','2017-02-07',3699200,'Belum Lunas',NULL,'Harga Belum masuk VAT','2017-02-22 02:45:55','2017-02-22 02:45:55'),
(14,2,'GCL/30091/0217/DW','4','2017-02-03',3372800,'Belum Lunas',NULL,'Harga Belum masuk VAT','2017-02-22 02:52:26','2017-02-22 02:52:26'),
(15,2,'PL 21498509/II/17','6','2017-02-07',3320000,'Belum Lunas',NULL,'Harga belum diskon 20% dan ppn 10%','2017-02-22 03:16:58','2017-02-22 03:16:58'),
(16,2,'0717FP-100152','9','2017-02-09',1457500,'Belum Lunas',NULL,'Harga belum diskon 25% dan ppn 10%','2017-02-22 03:36:36','2017-02-22 03:36:36'),
(20,2,'SCPDG1700413','11','2017-02-17',485000,'Lunas',NULL,'','2017-03-08 02:23:03','2017-03-08 02:23:03'),
(21,2,'JCS-17020010','12','2017-02-17',2400000,'Belum Lunas',NULL,'','2017-03-08 02:35:05','2017-03-08 02:35:05'),
(22,2,'31128734/CMSI/02/2017','10','2017-02-09',324000,'Belum Lunas',NULL,'','2017-03-08 03:19:21','2017-03-08 03:19:21'),
(23,2,'31128299/CMSI/02/2017','10','2017-02-06',1065000,'Belum Lunas',NULL,'','2017-03-08 03:24:26','2017-03-08 03:24:26'),
(24,2,'0029/MAB-FAKTUR/II/2017','13','2017-02-13',1250000,'Belum Lunas',NULL,'','2017-03-08 03:53:05','2017-03-08 03:53:05'),
(25,2,'SI 17/00199','7','2017-02-16',882000,'Belum Lunas',NULL,'','2017-03-08 04:05:52','2017-03-08 04:05:52'),
(26,2,'SI 17/00069','7','2017-01-19',4360500,'Belum Lunas',NULL,'','2017-03-08 04:13:14','2017-03-08 04:13:14'),
(27,2,'SI 17/00231','7','2017-02-20',2478000,'Belum Lunas',NULL,'','2017-03-08 04:26:06','2017-03-08 04:26:06'),
(28,2,'0717FP-100206','9','2017-02-23',1237500,'Belum Lunas',NULL,'','2017-03-09 02:00:55','2017-03-09 02:00:55'),
(29,2,'GCL/30173/0317/DW','4','2017-03-03',4050000,'Belum Lunas',NULL,'','2017-03-09 02:08:06','2017-03-09 02:08:06'),
(30,2,'0717FP-100242','9','2017-03-02',269000,'Belum Lunas',NULL,'','2017-03-09 02:15:50','2017-03-09 02:15:50'),
(31,2,'CV.RASANI1','14','2017-01-31',1000000,'Lunas',NULL,'tidak pakai invoice..','2017-03-13 02:38:48','2017-03-13 02:38:48'),
(32,2,'0207/III/2017','5','2017-03-08',985500,'Belum Lunas',NULL,'Invoice belum ada.','2017-03-23 02:18:32','2017-03-23 02:18:32'),
(33,2,'0717FP-100267','9','2017-03-10',572000,'Belum Lunas',NULL,'','2017-03-23 02:29:34','2017-03-23 02:29:34'),
(34,2,'PL 21498802/III/17-187','6','2017-03-08',2290000,'Belum Lunas',NULL,'','2017-03-23 02:34:38','2017-03-23 02:34:38'),
(35,2,'PL 21498829/III/17-231','6','2017-03-10',360000,'Belum Lunas',NULL,'','2017-03-23 02:45:41','2017-03-23 02:45:41'),
(36,2,'PL 21498801/III/17-188','6','2017-03-08',490400,'Belum Lunas',NULL,'','2017-03-23 02:54:31','2017-03-23 02:54:31'),
(37,2,'0717FP-100283','9','2017-03-15',294937,'Belum Lunas',NULL,'','2017-03-23 03:03:42','2017-03-23 03:03:42'),
(38,2,'017.17.37138883','15','2017-03-20',3900000,'Belum Lunas',NULL,'','2017-03-23 06:37:16','2017-03-23 06:37:16'),
(39,2,'017.17.37138890','15','2017-02-27',5957500,'Belum Lunas',NULL,'','2017-03-27 04:06:08','2017-03-27 04:06:08'),
(41,2,'0717.FP_100327','9','2017-03-27',4018740,'Belum Lunas',NULL,'Tambah ppn 10% Rp 401.874.00','2017-04-04 04:29:29','2017-04-04 04:29:29'),
(42,2,'31131894/CMSI/03/2017','10','2017-03-21',2145460,'Belum Lunas',NULL,'Harga belum diskon 25% dan ppn','2017-04-05 02:36:45','2017-04-05 02:36:45'),
(43,2,'0717FP-100335','9','2017-03-29',1804375,'Belum Lunas',NULL,' belum  ppn 10%','2017-04-05 02:51:12','2017-04-05 02:51:12'),
(44,2,'SCPDG1700787','11','2017-03-27',60000,'Lunas',NULL,'','2017-04-18 01:40:45','2017-04-18 01:40:45'),
(45,2,'BRATACO3042017','11','2017-04-03',750000,'Lunas',NULL,'','2017-04-18 01:50:46','2017-04-18 01:50:46'),
(46,2,'IVMDN1702413','11','2017-04-10',1200000,'Lunas',NULL,'','2017-05-16 02:36:26','2017-05-16 02:36:26'),
(47,2,'0244/III/2017','5','2017-03-20',1575000,'Lunas','2017-04-18','','2017-05-22 04:30:58','2017-05-22 04:44:17'),
(48,2,'0363/IV/2017','5','2017-04-18',1660000,'Belum Lunas',NULL,'','2017-05-22 04:38:44','2017-05-22 04:38:44'),
(49,2,'DPL.LOG 4-FR05. SURAT JALAN','9','2017-04-13',0,'Belum Lunas',NULL,'Invoice belum ada.','2017-05-23 03:13:24','2017-05-23 03:13:24'),
(50,2,'PBS17/04/2017','16','2017-04-27',2251213,'Belum Lunas',NULL,'','2017-05-23 03:23:33','2017-05-23 03:23:33'),
(51,2,'0717.FP-100514','9','2017-05-09',294937,'Belum Lunas',NULL,'','2017-05-23 03:45:29','2017-05-23 03:45:29'),
(52,2,'0717.FP-100500','9','2017-05-08',1179750,'Belum Lunas',NULL,'','2017-05-23 03:47:51','2017-05-23 03:47:51'),
(53,2,'0717.FP-100503','9','2017-05-08',1361250,'Belum Lunas',NULL,'','2017-05-23 03:49:52','2017-05-23 03:49:52'),
(55,2,'66457175/CMSI/05/2017','10','2017-05-09',468000,'Belum Lunas',NULL,'belum  ppn 10%','2017-06-03 02:07:23','2017-06-03 02:07:23'),
(56,2,'66457115/CMSI/05/2017','10','2017-06-09',620450,'Belum Lunas',NULL,'belum  ppn 10%','2017-06-03 02:11:38','2017-06-03 02:11:38'),
(57,2,'00000027/IV/17','5','2017-04-04',2136000,'Belum Lunas',NULL,'Barang belum Diskon 10% dan ppn 10%','2017-06-03 02:29:04','2017-06-03 02:29:04'),
(58,2,'IVMDM1703771','11','2017-06-06',600000,'Lunas',NULL,'','2017-06-19 02:26:01','2017-06-19 02:26:01'),
(59,2,'0717.FP-100610','9','2017-05-31',1608750,'Belum Lunas',NULL,'','2017-06-19 02:53:26','2017-06-19 02:53:26'),
(60,2,'0717.FP-100629','9','2017-06-05',825000,'Belum Lunas',NULL,'','2017-06-19 02:57:01','2017-06-19 02:57:01'),
(61,2,'F/0617/011','3','2017-06-06',25000000,'Belum Lunas',NULL,'','2017-06-19 03:01:14','2017-06-19 03:01:14'),
(62,2,'0717.FP_100721','9','2017-06-08',1791240,'Belum Lunas',NULL,'Harga Belum Masuk PPN10%','2017-07-18 02:53:44','2017-07-18 02:53:44'),
(63,2,'0717.FP-100846','9','2017-07-19',7000000,'Belum Lunas',NULL,'','2017-08-04 02:35:09','2017-08-04 02:35:09'),
(64,2,'DN-DO17/00285','7','2017-07-25',0,'Belum Lunas',NULL,'','2017-08-04 02:52:46','2017-08-04 02:52:46'),
(65,2,'DN-DO17/00284','7','2017-07-25',0,'Belum Lunas',NULL,'','2017-08-04 02:54:49','2017-08-04 02:54:49'),
(66,2,'00 ELASCIENCE','17','2017-07-18',0,'Lunas',NULL,'','2017-08-04 03:10:02','2017-08-04 03:10:02'),
(67,2,'01 ELASCIENCE','17','2017-07-18',0,'Lunas',NULL,'','2017-08-04 03:12:52','2017-08-04 03:12:52'),
(68,2,'SCPDG1701469','11','2017-06-06',145000,'Lunas',NULL,'','2017-08-08 02:48:26','2017-08-08 02:48:26'),
(69,2,'21704.9037','18','2017-04-25',0,'Belum Lunas',NULL,'','2017-08-08 02:53:09','2017-08-08 02:53:09'),
(70,2,'21704.9038','18','2017-04-25',0,'Belum Lunas',NULL,'','2017-08-08 02:55:13','2017-08-08 02:55:13'),
(72,2,'21704.9036','18','2017-04-18',0,'Lunas',NULL,'','2017-08-08 02:59:47','2017-08-08 02:59:47'),
(73,2,'07-08-17','8','2017-08-07',220000,'Lunas',NULL,'','2017-08-08 04:08:43','2017-08-08 04:08:43'),
(74,2,'IN17-0762','19','2017-08-09',1991440,'Lunas',NULL,'','2017-08-18 02:25:43','2017-08-18 02:25:43'),
(75,2,'IVPDG1702363','11','2017-08-07',150000,'Lunas',NULL,'','2017-08-18 02:35:28','2017-08-18 02:35:28'),
(76,2,'07-08-2017','11','2018-02-02',198000,'Lunas',NULL,'','2017-08-18 02:57:16','2017-08-18 02:57:16'),
(78,2,'0717\'FP-100992','9','2017-08-23',589874,'Belum Lunas',NULL,'','2017-08-28 02:53:16','2017-08-28 02:53:16'),
(79,2,'DN-SI17/01252.','7','2017-08-16',0,'Belum Lunas',NULL,'','2017-08-28 03:10:20','2017-08-28 03:10:20'),
(80,2,'0700/VII/2017','5','2017-08-26',1060000,'Belum Lunas',NULL,'','2017-09-06 02:11:47','2017-09-06 02:11:47'),
(82,2,'02 ELASCIENCE','18','2017-09-16',6000000,'Lunas',NULL,'','2017-09-27 03:11:33','2017-09-27 03:11:33'),
(83,2,'15-09-2017','8','2017-09-15',80000,'Lunas',NULL,'','2017-09-27 03:34:24','2017-09-27 03:34:24'),
(84,2,'03 ELABSCIENCE','17','2017-09-16',5000000,'Lunas',NULL,'','2017-09-27 04:18:57','2017-09-27 04:18:57'),
(85,2,'PD-1701045','1','2017-09-04',2000000,'Belum Lunas',NULL,'','2017-09-27 04:28:05','2017-09-27 04:28:05'),
(86,2,'04 ELABSCIENCE','18','2017-09-16',5000000,'Lunas',NULL,'','2017-09-27 04:35:47','2017-09-27 04:35:47'),
(88,2,'05 ELABSCIENCE','17','2017-09-16',5000000,'Lunas',NULL,'','2017-09-27 04:47:51','2017-09-27 04:47:51'),
(90,2,'06 ELABSCIENCE','17','2017-09-16',15000000,'Lunas',NULL,'','2017-09-27 04:54:58','2017-09-27 04:54:58'),
(91,2,'07 ELANSCIENCE','17','2017-09-16',5000000,'Lunas',NULL,'','2017-09-27 05:03:25','2017-09-27 05:03:25'),
(92,2,'08 ELABSCIENCE','17','2017-09-16',15000000,'Lunas',NULL,'','2017-09-27 05:22:32','2017-09-27 05:22:32'),
(93,2,'09 ELABSCIENCE','17','2017-09-16',5000000,'Lunas',NULL,'','2017-09-27 05:57:28','2017-09-27 05:57:28'),
(94,2,'PL 15186965/IX/17','6','2017-09-14',3750000,'Belum Lunas',NULL,'','2017-09-27 06:38:01','2017-09-27 06:38:01'),
(95,2,'0316-MAB/SJ17','13','2017-09-29',0,'Belum Lunas',NULL,'','2017-10-16 03:56:08','2017-10-16 03:56:08'),
(96,2,'BS-170995','1','2017-10-09',0,'Belum Lunas',NULL,'','2017-10-16 04:07:14','2017-10-16 04:07:14'),
(97,2,'F/0917/152','3','2017-09-20',1056000,'Belum Lunas',NULL,'','2017-11-07 02:04:14','2017-11-07 02:04:14'),
(98,2,'0794/X/2017','5','2016-10-10',1987000,'Lunas',NULL,'','2017-11-27 04:25:23','2017-11-27 04:25:23'),
(99,2,'0859/X/2017','5','2017-11-06',2005000,'Lunas',NULL,'diskon 10 %','2017-11-27 04:53:27','2017-11-27 04:53:27'),
(100,2,'03/11/2017 Naluri','8','2017-11-03',90000,'Belum Lunas',NULL,'','2017-12-12 06:50:00','2017-12-12 06:50:00'),
(103,2,'0717.FP-101483','9','2017-12-07',10406000,'Belum Lunas',NULL,'','2017-12-18 08:45:42','2017-12-18 08:45:42'),
(104,2,'0717.FP.101484','9','2017-12-07',968000,'Belum Lunas',NULL,'','2017-12-18 08:51:09','2017-12-18 08:51:09'),
(105,2,'0717.FP.101485','9','2017-12-07',294937,'Belum Lunas',NULL,'','2017-12-18 09:00:25','2017-12-18 09:00:25'),
(106,2,'ET GRUP','20','2017-12-14',4325000,'Belum Lunas',NULL,'','2018-01-10 02:47:30','2018-01-10 02:47:30'),
(107,2,'cmsi 11 -12-2017','10','2017-12-11',0,'Belum Lunas',NULL,'','2018-01-10 02:51:52','2018-01-10 02:51:52'),
(108,2,'PT MLTP - 18-12-2017','21','2018-01-18',3300000,'Belum Lunas',NULL,'','2018-01-10 03:11:04','2018-01-10 03:11:04'),
(109,2,'INV/B5M/18/00968','22','2018-03-12',2510000,'Lunas',NULL,'','2018-03-21 10:48:57','2018-03-21 10:48:57'),
(110,2,'IVPDG1800785','11','2018-03-14',108000,'Lunas',NULL,'','2018-03-21 10:51:27','2018-03-21 10:51:27'),
(111,2,'SJ 810473674/I/18','6','2018-01-17',0,'Lunas',NULL,'','2018-03-21 10:55:43','2018-03-21 10:55:43'),
(112,2,'2018/SI.RKM/II.1.0092','14','2018-02-09',1495000,'Lunas',NULL,'','2018-03-21 11:00:54','2018-03-21 11:00:54'),
(113,2,'SQ-1801143','1','2018-02-15',399000,'Lunas',NULL,'','2018-03-21 11:05:14','2018-03-21 11:05:14'),
(114,2,'BIO-25047','1','2018-02-28',1874000,'Lunas',NULL,'','2018-03-21 11:14:07','2018-03-21 11:14:07'),
(115,2,'0718.FP-100208','9','2018-03-23',149000,'Lunas',NULL,'','2018-03-21 11:20:31','2018-03-21 11:20:31'),
(116,2,'BS-171749','1','2018-03-12',552000,'Lunas',NULL,'','2018-03-21 11:22:42','2018-03-21 11:22:42'),
(117,2,'0082/AD/MAB-Faktur/III/2018','13','2018-03-02',1155000,'Lunas',NULL,'','2018-03-21 11:35:51','2018-03-21 11:35:51'),
(118,2,'PL 8104459/III/18-REV','6','2018-03-08',1084000,'Belum Lunas',NULL,'','2018-05-07 09:31:24','2018-05-07 09:31:24'),
(119,2,'0141/AD/MAB-Faktur/IV/2018','13','2018-04-17',1400000,'Belum Lunas',NULL,'','2018-05-07 09:42:33','2018-05-07 09:42:33'),
(120,2,'165209','23','2018-04-09',300000,'Lunas',NULL,'','2018-05-07 09:52:51','2018-05-07 09:52:51'),
(121,2,'0718.FP-100549','9','2018-05-07',907000,'Belum Lunas',NULL,'','2018-05-30 09:18:39','2018-05-30 09:18:39'),
(122,2,'PL01852154/V/18','6','2018-05-09',1060000,'Belum Lunas',NULL,'','2018-05-30 09:31:13','2018-05-30 09:31:13'),
(123,2,'F/0518/083','3','2018-05-08',7200000,'Belum Lunas',NULL,'','2018-05-30 09:35:26','2018-05-30 09:35:26'),
(125,2,'BS-172392','1','2018-06-25',667000,'Lunas',NULL,'','2018-07-16 10:20:12','2018-07-16 10:20:12'),
(126,2,'0718.FP-100753','9','2018-06-28',1837687,'Lunas',NULL,'','2018-07-16 10:40:10','2018-07-16 10:40:10'),
(127,2,'PD-1725428','1','2018-06-28',1869000,'Lunas',NULL,'','2018-07-16 10:42:20','2018-07-16 10:42:20'),
(128,2,'0718.FP-100794','9','2018-07-06',635250,'Lunas',NULL,'','2018-07-16 10:52:12','2018-07-16 10:52:12'),
(129,2,'PL01852808/VI/18','6','2018-07-11',4514500,'Lunas',NULL,'','2018-07-16 10:57:29','2018-07-16 10:57:29'),
(130,2,'PL0185807/VI/18','6','2018-07-11',412500,'Lunas',NULL,'','2018-07-16 11:10:26','2018-07-16 11:10:26'),
(131,2,'28133851/CMSI/07/2018','10','2018-07-13',718635,'Lunas',NULL,'','2018-07-16 11:28:17','2018-07-16 11:28:17'),
(132,2,'PL 01853196/VII/18','6','2018-07-14',270000,'Belum Lunas',NULL,'','2018-07-16 11:38:24','2018-07-16 11:38:24'),
(133,2,'165364','11','2018-05-02',28000,'Lunas',NULL,'','2018-07-17 10:30:36','2018-07-17 10:30:36'),
(134,2,'IVPDG182945','11','2018-09-28',1380000,'Lunas',NULL,'','2018-10-22 09:16:45','2018-10-22 09:16:45'),
(135,2,'SVPDG1803100','11','2018-10-11',54000,'Lunas',NULL,'','2018-10-22 09:21:23','2018-10-22 09:21:23'),
(136,2,'SQ-1807355','1','2018-08-01',1524350,'Lunas',NULL,'','2018-10-22 09:24:39','2018-10-22 09:24:39'),
(137,2,'BS-173131','1','2018-08-20',1593900,'Lunas',NULL,'','2018-10-22 09:26:27','2018-10-22 09:26:27'),
(139,2,'268337946/DO/CMSI/08/2018','10','2018-10-30',0,'Lunas',NULL,'','2018-10-22 09:36:08','2018-10-22 09:36:08'),
(140,2,'0718.FP10121','9','2018-08-15',395000,'Lunas',NULL,'','2018-10-22 09:52:43','2018-10-22 09:52:43'),
(141,2,'18/I-IU/IX/2209','12','2018-09-13',1650000,'Lunas',NULL,'','2018-10-22 10:22:56','2018-10-22 10:22:56'),
(142,2,'SVPDG1802945','11','2018-09-26',1380000,'Lunas',NULL,'','2018-10-22 10:28:48','2018-10-22 10:28:48'),
(143,2,'0340/AD/MAB-FAKTUR/IX/2018','13','2018-09-13',4375000,'Lunas',NULL,'','2018-10-29 09:52:15','2018-10-29 09:52:15'),
(144,2,'SI18/01959','7','2018-10-10',2700000,'Lunas',NULL,'','2018-10-29 09:57:59','2018-10-29 09:57:59'),
(145,2,'SI18/01960','7','2018-10-10',2200000,'Lunas',NULL,'','2018-10-29 09:59:32','2018-10-29 09:59:32'),
(146,2,'0718.FP-101280','9','2018-10-11',1377000,'Lunas',NULL,'','2018-10-29 10:10:18','2018-10-29 10:10:18');

/*Table structure for table `merk` */

DROP TABLE IF EXISTS `merk`;

CREATE TABLE `merk` (
  `id` int(10) unsigned NOT NULL AUTO_INCREMENT,
  `nmmerk` varchar(255) COLLATE utf8_unicode_ci NOT NULL,
  `created_at` timestamp NULL DEFAULT NULL,
  `updated_at` timestamp NULL DEFAULT NULL,
  PRIMARY KEY (`id`)
) ENGINE=InnoDB AUTO_INCREMENT=68 DEFAULT CHARSET=utf8 COLLATE=utf8_unicode_ci;

/*Data for the table `merk` */

insert  into `merk`(`id`,`nmmerk`,`created_at`,`updated_at`) values 
(1,'Invitrogen','2017-01-23 05:05:33','2017-01-23 05:05:33'),
(2,'Applichem','2017-01-24 01:51:32','2017-01-24 01:51:32'),
(3,'Ambion','2017-01-24 02:38:29','2017-01-24 02:38:29'),
(4,'GE','2017-01-24 02:38:46','2017-01-24 02:38:46'),
(5,'Gibco','2017-01-24 02:39:04','2017-01-24 02:39:04'),
(6,'Himedia','2017-01-24 02:39:22','2017-01-24 02:39:22'),
(7,'Merck','2017-01-24 02:39:46','2017-01-24 02:39:46'),
(8,'Oxoid','2017-01-24 02:40:36','2017-01-24 02:40:36'),
(9,'Roche','2017-01-24 02:42:09','2017-01-24 02:42:09'),
(10,'Sigma','2017-01-24 02:42:22','2017-01-24 02:42:22'),
(11,'Thermo','2017-01-24 02:42:39','2017-01-24 02:42:39'),
(12,'JRS','2017-01-24 02:42:49','2017-01-24 02:42:49'),
(13,'Promega','2017-01-24 02:43:07','2017-01-24 02:43:07'),
(14,'Genaid','2017-01-24 03:02:36','2017-01-24 03:02:36'),
(15,'Qiagen','2017-01-24 04:29:34','2017-01-24 04:29:34'),
(16,'Eazy Touch','2017-01-25 02:37:43','2017-01-25 02:37:43'),
(17,'HK','2017-01-25 02:37:50','2017-01-25 02:37:50'),
(18,'Material Klinik','2017-01-25 02:38:18','2017-01-25 02:39:10'),
(19,'Terumo','2017-01-25 03:02:03','2017-01-25 03:02:03'),
(20,'Ajak','2017-01-25 06:15:04','2017-01-25 06:15:04'),
(21,'Elabscience','2017-01-26 05:24:41','2017-01-26 05:24:41'),
(22,'Corning','2017-01-26 05:41:37','2017-01-26 05:41:37'),
(23,'Membran Solution','2017-01-26 05:42:03','2017-01-26 05:42:03'),
(24,'Rocker','2017-01-26 05:42:18','2017-01-26 05:42:18'),
(25,'Optilab','2017-01-26 05:42:47','2017-01-26 05:42:47'),
(26,'Material Alat','2017-01-26 06:03:21','2017-01-26 06:03:21'),
(27,'Axygen','2017-01-30 01:05:57','2017-01-30 01:05:57'),
(28,'As-one','2017-01-30 01:06:23','2017-01-30 01:06:23'),
(29,'Extragene','2017-01-30 01:06:45','2017-01-30 01:06:45'),
(30,'SafeGuard','2017-01-30 01:07:13','2017-01-30 01:07:13'),
(31,'Iwaki','2017-01-30 01:07:32','2017-01-30 01:07:32'),
(32,'Simax','2017-01-30 01:07:46','2017-01-30 01:07:46'),
(33,'Normax','2017-01-30 01:07:58','2017-01-30 01:07:58'),
(34,'Biologix','2017-01-30 01:08:12','2017-03-27 03:43:33'),
(35,'Falcon','2017-01-30 01:08:23','2017-01-30 01:08:23'),
(36,'Dura','2017-01-30 01:08:31','2017-01-30 01:08:31'),
(37,'BD','2017-01-30 01:08:41','2017-01-30 01:08:41'),
(38,'Citoglass','2017-01-30 01:08:53','2017-01-30 01:08:53'),
(39,'SPL','2017-01-30 01:09:09','2017-01-30 01:09:09'),
(40,'Milipore','2017-01-30 01:09:33','2017-01-30 01:09:33'),
(41,'M Parafilm','2017-01-30 01:09:49','2017-01-30 01:09:49'),
(42,'Brataco','2017-01-30 01:10:03','2017-01-30 01:10:03'),
(43,'Nunc','2017-01-30 01:10:12','2017-01-30 01:10:12'),
(44,'Lokal','2017-01-30 01:10:22','2017-01-30 01:10:22'),
(45,'Citoswab','2017-01-30 01:11:27','2017-01-30 01:11:27'),
(46,'Tarsons','2017-01-30 01:11:42','2017-01-30 01:11:42'),
(47,'Citotest','2017-01-30 03:59:05','2017-01-30 03:59:05'),
(48,'TCL','2017-02-06 02:17:37','2017-02-06 02:17:37'),
(49,'Biotium','2017-02-06 07:40:39','2017-02-06 07:40:39'),
(50,'Vivantis','2017-02-07 03:09:51','2017-02-07 03:09:51'),
(51,'Handseal','2017-02-10 03:02:12','2017-02-10 03:02:12'),
(52,'TOYOBO','2017-02-22 02:17:53','2017-02-22 02:17:53'),
(53,'Sensi Gloves','2017-02-24 03:22:00','2017-02-24 03:22:00'),
(54,'Colection Swab','2017-03-09 03:15:08','2017-03-09 03:15:08'),
(55,'ZYMO','2017-05-17 01:49:57','2017-05-17 01:49:57'),
(56,'ES GEL','2017-06-20 01:44:46','2017-06-20 01:44:46'),
(57,'ALLTRANS','2017-08-08 02:16:10','2017-08-08 02:16:10'),
(58,'Sciencewerke','2017-08-16 02:35:43','2017-08-16 02:35:43'),
(59,'BIOLINE','2017-09-06 02:33:07','2017-09-06 02:33:07'),
(60,'Sequencing','2017-09-14 03:56:06','2017-09-14 03:56:06'),
(61,'ET GROUP','2018-01-10 02:32:37','2018-01-10 02:32:37'),
(62,'Duran Group','2018-01-10 02:53:24','2018-01-10 02:53:24'),
(63,'EKOMED','2018-03-21 09:40:21','2018-03-21 09:40:21'),
(64,'ONEMED','2018-03-21 09:48:48','2018-03-21 09:48:48'),
(65,'MB','2018-03-21 11:27:16','2018-03-21 11:27:16'),
(66,'AXAVA','2018-05-30 09:25:27','2018-05-30 09:25:27'),
(67,'HTC','2018-10-29 10:37:45','2018-10-29 10:37:45');

/*Table structure for table `migrations` */

DROP TABLE IF EXISTS `migrations`;

CREATE TABLE `migrations` (
  `id` int(10) unsigned NOT NULL AUTO_INCREMENT,
  `migration` varchar(255) COLLATE utf8_unicode_ci NOT NULL,
  `batch` int(11) NOT NULL,
  PRIMARY KEY (`id`)
) ENGINE=InnoDB AUTO_INCREMENT=21 DEFAULT CHARSET=utf8 COLLATE=utf8_unicode_ci;

/*Data for the table `migrations` */

insert  into `migrations`(`id`,`migration`,`batch`) values 
(19,'2014_07_02_230147_migration_cartalyst_sentinel',1),
(20,'2016_10_11_124612_migration_anbiotek_stockpile',1);

/*Table structure for table `pelanggan` */

DROP TABLE IF EXISTS `pelanggan`;

CREATE TABLE `pelanggan` (
  `id` int(10) unsigned NOT NULL AUTO_INCREMENT,
  `nmpelanggan` varchar(255) COLLATE utf8_unicode_ci NOT NULL,
  `telepon` varchar(255) COLLATE utf8_unicode_ci DEFAULT NULL,
  `alamat` varchar(255) COLLATE utf8_unicode_ci DEFAULT NULL,
  `created_at` timestamp NULL DEFAULT NULL,
  `updated_at` timestamp NULL DEFAULT NULL,
  PRIMARY KEY (`id`)
) ENGINE=InnoDB AUTO_INCREMENT=54 DEFAULT CHARSET=utf8 COLLATE=utf8_unicode_ci;

/*Data for the table `pelanggan` */

insert  into `pelanggan`(`id`,`nmpelanggan`,`telepon`,`alamat`,`created_at`,`updated_at`) values 
(1,'dr. Andani','','siteba','2017-01-23 05:15:55','2017-02-09 01:39:47'),
(2,'dr Efrida','','','2017-02-08 03:02:01','2017-02-08 03:02:01'),
(3,'dr.Elsa','','UNP','2017-02-09 01:40:43','2017-03-13 04:47:13'),
(4,'Dadih/ dr.Andani','','siteba','2017-02-09 02:30:31','2017-02-09 02:30:31'),
(5,'PH / dr.Andani','','','2017-02-09 02:31:34','2017-02-09 02:31:34'),
(6,'dr. Dewi Imelda Rosma','','Biologi Unand','2017-02-09 02:33:00','2017-02-09 02:33:00'),
(7,'dr. Henny Herwina','','','2017-02-09 02:33:59','2017-02-09 02:33:59'),
(8,'Danon Riset','','FK Unand','2017-02-09 02:35:32','2017-02-09 02:35:32'),
(9,'Maha Siswa Fk','','','2017-02-09 02:36:37','2017-02-09 02:36:37'),
(10,'Buk Elizabet Bahar','','FK Unand','2017-02-16 03:57:33','2017-02-16 03:57:33'),
(11,'HPV','','FK Unand','2017-02-16 04:22:02','2017-02-16 04:22:02'),
(12,'dr. Mutia Sari','','','2017-02-16 04:38:25','2017-02-16 04:38:25'),
(13,'Faces.','','FK Unand','2017-02-16 04:39:39','2017-02-16 04:40:39'),
(14,'dr.Amel Yanis','','','2017-02-16 05:02:48','2017-02-16 05:02:48'),
(15,'Buk Hirowati','','FK Unand','2017-02-24 02:56:37','2017-02-24 02:56:37'),
(16,'Prof. Jamsari','','Fakultas Pertanian UNAND','2017-02-24 02:57:36','2017-02-24 02:57:36'),
(17,'BUK NUNUNG','','MIKRO FK UNAND','2017-03-09 02:25:53','2017-03-09 02:25:53'),
(18,'Buk Irdawati ,M.Si','','BIOLOGI UNP','2017-03-09 02:32:47','2017-03-09 02:32:47'),
(19,'dr,Azwir Anhar ,M.SI','','BIOLOGI UNP','2017-03-09 02:41:10','2017-03-09 02:41:10'),
(20,'Dr. Yuni Ahda','','BIOLOGI UNP','2017-03-13 02:04:52','2017-03-13 03:08:32'),
(21,'Buk Dini','','Stifarm','2017-03-29 01:42:29','2017-03-29 01:42:29'),
(22,'dr.Adi','','FK UNAND','2017-04-04 03:59:41','2017-04-04 03:59:41'),
(23,'Pak CONG','','BIOLOGI UNAND','2017-04-18 02:05:30','2017-04-18 02:05:30'),
(24,'BUK EPI','',' pertanian UNAND','2017-04-18 02:12:42','2017-04-18 02:12:42'),
(25,'Dr.Fatma Sriwahyuni,S si','','FK UNAND','2017-05-24 03:30:45','2017-05-24 03:30:45'),
(26,'dr. Adi','','FK UNAND','2017-05-26 02:16:45','2017-05-26 02:16:45'),
(27,'Buk Zulfa Zakiah','','UNAND','2017-06-20 01:49:09','2017-06-20 01:49:09'),
(28,'Buk RissaTHP ','','UNAND','2017-06-20 02:11:19','2017-06-20 02:11:19'),
(29,'BUK EMI','','UNAND','2017-06-20 02:28:56','2017-06-20 02:28:56'),
(30,'Ibuk RAHMI','','FK UNAND','2017-07-18 03:56:47','2017-07-18 03:56:47'),
(31,'IBU INTAN','','FK UNAND','2017-08-04 03:15:19','2017-08-04 03:15:19'),
(32,'IBU SRIMARLINA','','FK UNAND','2017-08-04 03:15:55','2017-08-04 03:15:55'),
(33,'BUK LINOSEFA','','FK UNAND','2017-08-08 03:09:37','2017-08-08 03:09:37'),
(34,'dr HENNY','','BIOLOGI','2017-08-08 03:44:15','2017-08-08 03:44:15'),
(35,'PAK HAFIZ','','PADANG','2017-08-18 03:29:36','2017-08-18 03:29:36'),
(36,'WILDA WELIS','','UNP','2017-08-21 04:01:27','2017-08-21 04:01:27'),
(37,'dr. YULIARTI SYAFRITA','','M DJAMIL','2017-09-27 05:10:20','2017-09-27 05:10:20'),
(38,'Prof.dr. Risnawati Yaswir','','M DJAMIL','2017-09-27 05:52:13','2017-09-27 05:52:13'),
(39,'dr. ARINA','','M DJAMIL','2017-09-27 06:09:47','2017-09-27 06:09:47'),
(40,'Bpk. MANSYURDIN','','BIOLOGI UNAND','2017-10-16 04:38:22','2017-10-16 04:38:22'),
(41,'Pak. Roni','','pertanian UNAND','2017-11-20 02:29:42','2017-11-20 02:29:42'),
(42,'buk esy','','bp4','2017-11-20 02:49:17','2017-11-20 02:49:17'),
(43,'dr. Hidayat','','','2017-12-12 07:33:01','2017-12-12 07:33:01'),
(44,'Hida biomedik','','','2017-12-12 07:38:57','2017-12-12 07:38:57'),
(45,'Prof. Diyan Handayani','','','2017-12-18 00:47:49','2017-12-18 00:47:49'),
(46,'PPK RS. UNAND','','','2017-12-19 01:12:02','2017-12-19 01:12:02'),
(47,'dr. Fandy Triansyah','','M. Djamil','2017-12-20 01:30:38','2017-12-20 01:30:38'),
(48,'prof,Dayar','','','2018-03-26 10:40:45','2018-03-26 10:40:45'),
(49,'dr. Silvia','','M DJAMIL','2018-05-07 10:03:53','2018-05-07 10:03:53'),
(50,'dr. Aisyah','','','2018-07-17 10:42:43','2018-07-17 10:42:43'),
(51,'PT.DEMPO ANDALAS.S','','BUNGUS PADANG','2018-07-17 11:03:49','2018-07-17 11:03:49'),
(52,'dr.NORA','','FK UAND','2018-11-26 11:32:11','2018-11-26 11:32:11'),
(53,'dr. Ratna wulan','','FMIPA UNP','2018-11-27 08:28:08','2018-11-27 08:28:08');

/*Table structure for table `persistences` */

DROP TABLE IF EXISTS `persistences`;

CREATE TABLE `persistences` (
  `id` int(10) unsigned NOT NULL AUTO_INCREMENT,
  `user_id` int(10) unsigned NOT NULL,
  `code` varchar(255) COLLATE utf8_unicode_ci NOT NULL,
  `created_at` timestamp NULL DEFAULT NULL,
  `updated_at` timestamp NULL DEFAULT NULL,
  PRIMARY KEY (`id`),
  UNIQUE KEY `persistences_code_unique` (`code`)
) ENGINE=InnoDB AUTO_INCREMENT=221 DEFAULT CHARSET=utf8 COLLATE=utf8_unicode_ci;

/*Data for the table `persistences` */

insert  into `persistences`(`id`,`user_id`,`code`,`created_at`,`updated_at`) values 
(9,2,'Yh9rT2Ri32r90xt84241atIIePCHpAZZ','2017-01-24 01:47:58','2017-01-24 01:47:58'),
(10,2,'dY73nCdXw6gFGa8MMBMUvWVsDTtHiHEV','2017-01-24 06:19:15','2017-01-24 06:19:15'),
(11,2,'jiMNkubopPumx7ZudLbmtqHAMzmtZPHC','2017-01-24 10:45:01','2017-01-24 10:45:01'),
(12,2,'Mve0JMkug7bRihrLlgmxETk6lsbmdADI','2017-01-25 02:29:13','2017-01-25 02:29:13'),
(13,2,'HnQNwRR5CTBpgmQwnHAMv7EvlROwFqF7','2017-01-25 02:30:10','2017-01-25 02:30:10'),
(17,2,'rzcMx2jfEKfFFZ3okMZG2Z1MtbI8MvB9','2017-01-27 03:17:00','2017-01-27 03:17:00'),
(18,2,'sK6P1iNtKPE1ho2xZPRuEProw6Q8yePi','2017-01-30 00:10:45','2017-01-30 00:10:45'),
(19,2,'1fJsX6rj05uufazPKVfElxc7ChOKjx9h','2017-01-30 04:53:16','2017-01-30 04:53:16'),
(20,2,'WDHohBtfeRc4xeAhsC65xBFFYTZJ7QDa','2017-02-01 02:01:11','2017-02-01 02:01:11'),
(21,2,'BTUBnI3jr3GuA5ddoVTRsm310KSXDbR6','2017-02-01 03:24:07','2017-02-01 03:24:07'),
(23,2,'GjLcjiqcDHq2ukfSY3j8zgvHHQUo8Syx','2017-02-02 03:11:22','2017-02-02 03:11:22'),
(24,2,'oGJzIySULPM1YFOq6BO48JERb1Mpiv29','2017-02-03 03:11:12','2017-02-03 03:11:12'),
(25,2,'WqcKdwTkd0lIKnQwrMG3DHv2Z2fXmX8I','2017-02-04 02:50:48','2017-02-04 02:50:48'),
(26,2,'Z4kP1dT4izqXdOG4fSmmDmJLnEPtZdyS','2017-02-06 01:36:19','2017-02-06 01:36:19'),
(27,2,'qP3PjRipcKDS7DQ4HicQluXZcHzJW58I','2017-02-08 02:59:36','2017-02-08 02:59:36'),
(28,2,'3hyMNJwVzFbBsddfjm9vu0PpJmCtT2gQ','2017-02-09 01:37:54','2017-02-09 01:37:54'),
(29,2,'lGuzud8abnZTUtxD3j4OCYvefBZi754J','2017-02-10 02:22:49','2017-02-10 02:22:49'),
(30,2,'spinVQ59Qf6DIz7U5EIEKxrD8LArZ1oL','2017-02-13 02:17:17','2017-02-13 02:17:17'),
(31,2,'re7tkwJr0skNgyyhd1db3cjc0z9wNHuG','2017-02-13 06:35:25','2017-02-13 06:35:25'),
(32,2,'i0s2hhZSdndRhlW6Ag2GLDSdAiesLIBW','2017-02-16 03:47:57','2017-02-16 03:47:57'),
(34,2,'aSEkajy2BtDzIQFRjH5qPIEmpaPv3ewo','2017-02-22 02:11:08','2017-02-22 02:11:08'),
(35,2,'JWTmp3N2v1CJY10U90tPKEAqMThQtxxz','2017-02-23 03:02:21','2017-02-23 03:02:21'),
(36,2,'c0V6QCcVxje1jJLp8F2SDglfHpsKsiZb','2017-02-24 02:37:27','2017-02-24 02:37:27'),
(37,2,'6JEJ9kPosuOl5pwOXs2unbwiXLvh9Gsi','2017-03-02 04:18:38','2017-03-02 04:18:38'),
(38,2,'3pYZ7r37ktkjwZwSPaLbZgJsDhwBeCo7','2017-03-04 02:09:51','2017-03-04 02:09:51'),
(39,2,'ajhSrsPSBNWQaKLo7VgoRn18QMD0neM0','2017-03-04 02:38:48','2017-03-04 02:38:48'),
(40,2,'apcPdOtjYZ5TesemXeizFfBl2dSdw3FD','2017-03-04 14:13:02','2017-03-04 14:13:02'),
(41,2,'3HxNOzrjhNrfXAlapnuEvRAaIwfw07y1','2017-03-08 01:54:55','2017-03-08 01:54:55'),
(42,2,'izCfIhV9AwyNLpLgXZ4e9SRwIbRWH8fq','2017-03-08 02:30:53','2017-03-08 02:30:53'),
(43,2,'E24tf3iGht1RbEBpXsSflACo7PNo3BbB','2017-03-09 01:53:01','2017-03-09 01:53:01'),
(44,2,'dA5mvE5wEGg21XjMTkTLgT8CFstq064Y','2017-03-13 02:01:28','2017-03-13 02:01:28'),
(46,2,'jwm8vzbKWBr0jQsoL0kH5VOzwFgBjaJK','2017-03-17 02:13:20','2017-03-17 02:13:20'),
(47,2,'QPbykYbcP0vRaLPF6cP5RqUiIf5bvOge','2017-03-17 03:28:09','2017-03-17 03:28:09'),
(48,2,'CfoFwQko3IOfSForQiVhgr3iamPdlbzp','2017-03-21 02:51:17','2017-03-21 02:51:17'),
(49,2,'35i9Q85s6ulTTef1rOHo9DfhrKJeIWMg','2017-03-23 02:08:40','2017-03-23 02:08:40'),
(50,2,'GYCWMap9XnyAPPRcZIcq4Os2eBqr8xJr','2017-03-23 06:34:21','2017-03-23 06:34:21'),
(51,2,'cUj3kxNn4NCgKXm78FmxP7HHAA7V3Qnk','2017-03-27 03:37:56','2017-03-27 03:37:56'),
(52,2,'9dQ2eJYKHAX0sZNmPhlWhZFWcpLsgyot','2017-03-27 04:46:42','2017-03-27 04:46:42'),
(53,2,'eHo6KcXOoBFWYCVVzb56ECFxtGHL1j9Z','2017-03-29 01:39:51','2017-03-29 01:39:51'),
(54,2,'HsbVlMfbQ6AfG6ClfGUGmbKSp6fkX8uz','2017-04-04 01:28:22','2017-04-04 01:28:22'),
(55,2,'FwnLr2Ohw791warJ4fkZac2IJS9UVbwN','2017-04-04 03:16:51','2017-04-04 03:16:51'),
(56,2,'Th6NX9ZyaSqSHQWzRGIupuun4oaY5yeP','2017-04-04 03:43:37','2017-04-04 03:43:37'),
(57,2,'UAmR2EZW9plFOYzZ3c9OAAS6ZWsRnZyp','2017-04-05 02:11:05','2017-04-05 02:11:05'),
(58,2,'4XGH0nUVwEyww7iUL50Myc9S7suVBeOU','2017-04-05 02:27:40','2017-04-05 02:27:40'),
(59,2,'ZAXxfYEagOO3aNxkDE5WyQgiyZ7MJecZ','2017-04-05 05:55:52','2017-04-05 05:55:52'),
(60,2,'lyO52DV6mKYTXj5PrWznpECoBl0ivI6z','2017-04-05 05:56:41','2017-04-05 05:56:41'),
(62,2,'YhCzWiN8c6TAy6iRwPkzdEWsBEYMJkvd','2017-04-13 00:15:49','2017-04-13 00:15:49'),
(63,2,'U3ICnUNWtOlKKzsaQQkqO7Vi0qQqLmIf','2017-04-15 03:02:53','2017-04-15 03:02:53'),
(64,2,'zdvEOrsDxrSOuAdiAvkF3mI2Fj8yoz5X','2017-04-18 01:31:00','2017-04-18 01:31:00'),
(65,2,'Vl13KcflHludJkrB9twAVCg6I5SwaJ7s','2017-04-26 01:58:57','2017-04-26 01:58:57'),
(66,2,'OOjnpNOXaktKwmEFeYb3T1ug37qiA32y','2017-04-27 02:57:45','2017-04-27 02:57:45'),
(67,2,'MBZVwPNYYqQ8MSOtlEkDSXlbupjOv0cR','2017-04-27 03:02:44','2017-04-27 03:02:44'),
(68,2,'JDbGBiqn8ON0xLlFMacOuf2FEh5D8dvZ','2017-05-02 01:12:30','2017-05-02 01:12:30'),
(69,2,'G4WLfs9iaHM2T63Y0Q0grq0zEylt5wNl','2017-05-02 02:53:27','2017-05-02 02:53:27'),
(70,2,'975cHT81w7tYuu62Y7qDYzhkukGSIraH','2017-05-02 03:12:15','2017-05-02 03:12:15'),
(71,1,'xuh4OXjtWZMyM1yNeAEFV2pSmvyyqsdS','2017-05-03 03:45:10','2017-05-03 03:45:10'),
(72,2,'muZ8k2JU5EaerJjUCHrCkBta8DVQEpnA','2017-05-04 04:07:33','2017-05-04 04:07:33'),
(73,2,'E7VVIeXs19cif8LRx30hfJgJM8PWZujE','2017-05-05 01:35:54','2017-05-05 01:35:54'),
(75,2,'o6Oxv2b6GDsl55qYajsmULKBELwTeek1','2017-05-08 03:04:42','2017-05-08 03:04:42'),
(76,2,'HtIqLqXZonkmZ3H1LZ1iiTrOHXLNa5QJ','2017-05-09 01:28:18','2017-05-09 01:28:18'),
(77,2,'Shr51eVb7dAwDWN6cPtIfTptxhlK0yZD','2017-05-09 04:51:08','2017-05-09 04:51:08'),
(78,2,'kMew4rgm8d514QnKJlg5JeOBvXyfaFht','2017-05-09 06:43:07','2017-05-09 06:43:07'),
(79,2,'GNKvqA6o285mpfrg39vvG01wmYxsYdjE','2017-05-10 04:53:10','2017-05-10 04:53:10'),
(80,2,'jT5RXHE9qqgi9XG4DClNwZi8dLz0AFiT','2017-05-12 02:17:48','2017-05-12 02:17:48'),
(81,2,'l5R7qW6CdKMkmTsa2LZzbQ52QnXSAk2H','2017-05-16 01:35:47','2017-05-16 01:35:47'),
(82,2,'uJaQJROkQs057tSGWkVDmLsjpmqNdOuI','2017-05-17 01:31:45','2017-05-17 01:31:45'),
(83,2,'pIVHYn7Cv6pm233iR19mZIjFTZhjzFBB','2017-05-22 04:15:44','2017-05-22 04:15:44'),
(85,2,'vGy6zhgHGOhXImeerUIdKZ1hYfpLSgsI','2017-05-23 03:08:38','2017-05-23 03:08:38'),
(86,2,'MXenpe1YCR6RkFzBUeQG3G79yS5fJZSD','2017-05-24 02:51:34','2017-05-24 02:51:34'),
(87,2,'OQ4ydA5gVLQX8AdRgLCSRcxlZKux37sD','2017-05-26 01:33:31','2017-05-26 01:33:31'),
(88,2,'N1zxE7uEDN8xeDExKB4T4BZdWsdGmlog','2017-05-29 02:57:19','2017-05-29 02:57:19'),
(89,2,'S609OwQW9ZwKTdEI0kvUH11hmGzojBdk','2017-05-29 03:04:30','2017-05-29 03:04:30'),
(90,2,'3DlLGE3z6hhAbX5owOykMSE1WzyrHSkK','2017-06-03 01:50:51','2017-06-03 01:50:51'),
(91,2,'7fGApwSU30fB66HGYbyAYoTFmYBanPc4','2017-06-13 03:11:11','2017-06-13 03:11:11'),
(92,2,'MdK75rrNlVjzo9pdGLOn9IKV99F5cc2J','2017-06-15 03:48:19','2017-06-15 03:48:19'),
(93,2,'c4P350sFY8d9HcVm9e7Qx1DbWvBPI0s0','2017-06-16 06:03:57','2017-06-16 06:03:57'),
(94,2,'3CtPlnUYRGIpLKca8weacbsyWospqJYF','2017-06-19 01:37:39','2017-06-19 01:37:39'),
(95,2,'uL7A8gH2DW6uCSbBBnmTWe8GRbshQTKu','2017-06-19 02:15:11','2017-06-19 02:15:11'),
(96,2,'9uJ8QpKqTb5xp7DZ6YTVS1GRlFfXIwgy','2017-07-04 03:03:21','2017-07-04 03:03:21'),
(97,2,'hYI0N12G4LmQAfNi4Qt0Z0hRTbvvkK9F','2017-07-11 02:31:22','2017-07-11 02:31:22'),
(98,2,'nFXVNHWvwzKKYId91WFK7ziQq5hxk7Ml','2017-07-11 03:50:37','2017-07-11 03:50:37'),
(99,2,'3AKB6IG71L5SIUWzO1keASstICeM1JdR','2017-07-14 01:31:29','2017-07-14 01:31:29'),
(100,2,'IMJsLiVvFQ5rsuArIUZJpQbjstJRuBAO','2017-07-18 02:42:53','2017-07-18 02:42:53'),
(102,1,'LGxNsAbrCB40VGsPJBJ019CLP88ZGTNS','2017-07-18 12:12:53','2017-07-18 12:12:53'),
(103,2,'8U715NS7ccZB9rq57IkLaDlIRNo043RJ','2017-07-19 03:25:14','2017-07-19 03:25:14'),
(104,2,'Ms7ngnHXQAPnoX7g4gWmZB3zJLpTpgSN','2017-07-25 03:36:48','2017-07-25 03:36:48'),
(105,2,'P07jMeYFM2jxjjf8wb3wtxBXa6HxZDLJ','2017-07-27 07:35:02','2017-07-27 07:35:02'),
(106,2,'INSmICLW0zRtM46w6QK1eMRTCJFw7UpE','2017-07-31 01:42:31','2017-07-31 01:42:31'),
(107,2,'P9j34Bh45lfKDtTExHnsbnshFeOoH9Tw','2017-08-01 03:34:51','2017-08-01 03:34:51'),
(108,2,'fWyg2DI7wFXUzKYxD0D1uVX9COz5CajR','2017-08-04 01:29:24','2017-08-04 01:29:24'),
(109,2,'fN6t3Li92oGnN6Y7naE2th6u7VxcHt8N','2017-08-07 06:04:00','2017-08-07 06:04:00'),
(110,2,'ZEoFqV17rDYNrXhkak9yovAa5Nuft5a9','2017-08-08 02:10:05','2017-08-08 02:10:05'),
(111,1,'kjy7aRYDf1p8W5YdBQFwgkaRezdliLkH','2017-08-08 05:05:45','2017-08-08 05:05:45'),
(112,2,'1bd5ypsdt8WXyey2qVDfL9fMU1VzntsN','2017-08-10 08:30:11','2017-08-10 08:30:11'),
(113,2,'WELYofZH2pAIzu5xlR1emrZRy0TGY0m2','2017-08-16 02:12:39','2017-08-16 02:12:39'),
(114,2,'E9E2pBosnCnBfqnwl3UEpj2AItsXWMBn','2017-08-18 02:21:05','2017-08-18 02:21:05'),
(115,1,'auNHmAaGJloa5RVNxq08EPohleMyrMSk','2017-08-18 03:19:19','2017-08-18 03:19:19'),
(116,2,'f1n91XujJsDMYzmmq90UIgdz3anPYvCt','2017-08-21 03:36:39','2017-08-21 03:36:39'),
(117,2,'NDjAOupc2KmJTYVpGoKARDWeZyO1PGlz','2017-08-28 02:44:41','2017-08-28 02:44:41'),
(118,1,'Gj8pkNdEP2CGlxet6OEO6CdSD66c9N05','2017-08-28 12:41:52','2017-08-28 12:41:52'),
(119,1,'3gJ2cAK02yd5o5flasQh4I2AmmjwAAKQ','2017-08-30 12:49:46','2017-08-30 12:49:46'),
(120,2,'awtG4dNXZ95xVaKtSw8qnZuSrr6HJqlI','2017-09-05 02:47:04','2017-09-05 02:47:04'),
(121,2,'zKJKUcm0LssRV5g3BDwQT7hDu8rIW87S','2017-09-06 01:51:08','2017-09-06 01:51:08'),
(122,1,'C1Ot7R13g6hysTlGf7d7k47ncLF1Hb3T','2017-09-07 05:49:38','2017-09-07 05:49:38'),
(123,2,'s1xQ2oLWJtPsf1WbeTyHQlqaFXcNInmE','2017-09-07 06:15:28','2017-09-07 06:15:28'),
(124,2,'KwNgUKyr4BIMEyZt2RAGDJzgJZ8U1gHi','2017-09-11 01:57:04','2017-09-11 01:57:04'),
(125,2,'5v9vuu2JwjC5w5mCqEhR2W6aLfNDVl8Z','2017-09-13 02:18:14','2017-09-13 02:18:14'),
(126,2,'1iMCPJ7522FeQAXosY99TZYLuV2uSxRu','2017-09-13 03:11:56','2017-09-13 03:11:56'),
(127,2,'IVrVf5MkdznKHrfhsA5BSpbb0rwDGXkq','2017-09-14 03:25:52','2017-09-14 03:25:52'),
(128,2,'R1ikkqIOJoM0Ibsuce1iRRdV8P4qyRuC','2017-09-25 00:56:46','2017-09-25 00:56:46'),
(129,2,'VJyAXZ6Ta1XSuUydsX0k5H646BbzcRcU','2017-09-25 05:44:21','2017-09-25 05:44:21'),
(130,2,'NhmxDRobGoUaSzts9inJdG4cc7MVMZq3','2017-09-27 02:44:20','2017-09-27 02:44:20'),
(131,2,'s9Vm5uNDM39nTWQsQGCyJj2vVKWDfuvl','2017-10-02 02:21:43','2017-10-02 02:21:43'),
(134,2,'5lsjTf1Upx4nqd5xZWM39tFNp3mgbBnH','2017-10-16 03:37:40','2017-10-16 03:37:40'),
(135,2,'OrOjtcifxmdchbQYi57ItZJdnw4tooki','2017-10-23 02:25:20','2017-10-23 02:25:20'),
(136,2,'PJ6On7KKe9XppZ05iV77G4OS0uZ2HmW3','2017-10-30 02:46:21','2017-10-30 02:46:21'),
(137,2,'aDoTuw857vGpqcHT2RpAHZuotiLEV1Ah','2017-10-31 04:43:40','2017-10-31 04:43:40'),
(138,2,'CcW02aFrau1DlfC60OvqBoOlYttOGfm8','2017-11-07 01:46:31','2017-11-07 01:46:31'),
(139,2,'YwizNPlzECNvouih8TsD0meqWLzKk38W','2017-11-12 13:26:48','2017-11-12 13:26:48'),
(140,2,'fxaTsHPyOslB8D1phQ9yrx9X3QuoW28J','2017-11-20 02:26:27','2017-11-20 02:26:27'),
(141,2,'rp3qDmPztUGq21rTRZaeYfl2GrKDbMZN','2017-11-27 03:31:43','2017-11-27 03:31:43'),
(142,2,'5Q1Gq5n0W1GjBUvwhaCcoGDnhctDOtIR','2017-11-28 01:52:04','2017-11-28 01:52:04'),
(143,2,'Xspfy2kJePeuvLbWP7znZD88kWrhRzwf','2017-12-04 03:59:41','2017-12-04 03:59:41'),
(144,2,'92CTm5GXINShovU9mugWPVqj2fSJsodJ','2017-12-04 04:06:06','2017-12-04 04:06:06'),
(145,2,'AdIwukC68lLGzjT3mpPm0ASt4wgmt08F','2017-12-04 06:13:55','2017-12-04 06:13:55'),
(146,2,'DMIYKojTjvavMQ7sTfr0pFO7OT2gUQJb','2017-12-05 03:03:05','2017-12-05 03:03:05'),
(148,1,'2XnihnqfbDhOT7VqdRQUanWcYAohW9oQ','2017-12-05 03:06:14','2017-12-05 03:06:14'),
(149,2,'rakDSdPv3di7G9e82CCPIgTav0amjarm','2017-12-05 03:08:53','2017-12-05 03:08:53'),
(150,1,'QsPd2u98gQQkUb2a7EIXJXEJSL9dLDsE','2017-12-09 07:21:12','2017-12-09 07:21:12'),
(151,2,'zG0wFgBnhfflB6XgawGfkjjmjmhCo0Um','2017-12-11 09:51:40','2017-12-11 09:51:40'),
(152,1,'uzsx1CmUJYUyuEicfyTuTgN74tPW4lQd','2017-12-12 03:20:45','2017-12-12 03:20:45'),
(153,2,'LpOguGaEGDdAPXDaAUflg669pOjtN9nP','2017-12-12 03:26:31','2017-12-12 03:26:31'),
(154,1,'jnX7lFHbAKjyzxLer5JRY6m49U42fYdH','2017-12-12 03:27:27','2017-12-12 03:27:27'),
(156,2,'FdVMMo6iJdBkyELKjqx398YJMyEpsUJy','2017-12-12 03:29:33','2017-12-12 03:29:33'),
(158,2,'KLmR0GxF7TCrEeFjoiBym6LyXDxuv9H3','2017-12-12 03:31:32','2017-12-12 03:31:32'),
(159,2,'bCQRMbKhJkovXISRSKgRGnFdlruzgdcq','2017-12-12 03:37:35','2017-12-12 03:37:35'),
(160,2,'RZvZXjv1Dcgng66xxHasmSFy6lnEKrFw','2017-12-12 03:39:48','2017-12-12 03:39:48'),
(161,2,'Jwjj2W5Zn86t3odEh8lb2xfMZVidNJPf','2017-12-12 06:37:21','2017-12-12 06:37:21'),
(162,2,'OTsXxviPfdLrH0gzmISs8mVdG7INFAKY','2017-12-12 07:42:12','2017-12-12 07:42:12'),
(163,2,'Mvid9glkpSiBCutxa2jqclAJhG7DFnoH','2017-12-13 01:30:55','2017-12-13 01:30:55'),
(164,2,'RQkyqk7hCOgazmRbCSHQip2Eu6EZS9fH','2017-12-13 06:30:34','2017-12-13 06:30:34'),
(165,2,'7t3R1uB1eqwY60CYi192rQSgdXv0ZT7R','2017-12-13 06:37:17','2017-12-13 06:37:17'),
(166,2,'zgwvQTRapb8X9bAdg5fSFOPeQOkSIsl0','2017-12-13 06:47:41','2017-12-13 06:47:41'),
(167,2,'51CIfcZQwR0eWFUfXILMVUKSTuzItiQ9','2017-12-16 04:44:34','2017-12-16 04:44:34'),
(168,2,'nxeaJCWEbG37DxLOCYOhD0H5f3wS861h','2017-12-18 00:36:14','2017-12-18 00:36:14'),
(169,2,'dbEmg3PCGX2PEKoh8c0VTu7CCjSLe9Kx','2017-12-18 00:39:28','2017-12-18 00:39:28'),
(170,2,'WndIiaxxL1VvnkHB5nl60notYl3dDV6v','2017-12-18 08:33:59','2017-12-18 08:33:59'),
(171,2,'93HH9LtV4X9xXCf6Hpkh3NxmKFfEeZTl','2017-12-18 22:45:52','2017-12-18 22:45:52'),
(172,2,'3Frwx5KRM1SFId3NxjjpRofNm4sgsQTW','2017-12-19 01:01:06','2017-12-19 01:01:06'),
(173,2,'rlPmaXKXxki0d09UQaaC8cedH5D0qZEw','2017-12-19 01:07:46','2017-12-19 01:07:46'),
(174,2,'VYZtN1kANhnOwFh5TBm8nokuaM8JfDaE','2017-12-19 06:45:10','2017-12-19 06:45:10'),
(175,2,'L3ZJE5G88S6Svlow7kZLRrxsJgntqd5a','2017-12-20 01:15:37','2017-12-20 01:15:37'),
(176,2,'MxhOfVvTUN7Bk3Sg7aVTlCuLCM4vBDYg','2018-01-03 07:51:39','2018-01-03 07:51:39'),
(177,2,'aOaXnPZCZyPSlsdDbxyEPHuxws35jW37','2018-01-03 07:53:20','2018-01-03 07:53:20'),
(178,2,'OFqCfZoc8p10DfErqi2bSwsZc8eB1Uyf','2018-01-10 01:35:32','2018-01-10 01:35:32'),
(179,2,'ZrEn1N8bqJIeIvIxcBrrKrrYGQ4nGJfr','2018-01-18 02:27:34','2018-01-18 02:27:34'),
(181,2,'q4e0Qeov9QygBiz4PW4CD0pfc8ICD9Q3','2018-03-20 11:47:43','2018-03-20 11:47:43'),
(182,1,'nOnQIrPolZHRoKQHvqhp5hXHm9mmmzro','2018-03-20 12:04:56','2018-03-20 12:04:56'),
(183,2,'wlzmYVOUl7X9U5aWVItORR4qByX9kyjR','2018-03-21 09:33:48','2018-03-21 09:33:48'),
(184,2,'vfjXnjIUxQgMZVTesZUwnJXAFi8spotW','2018-03-21 15:18:41','2018-03-21 15:18:41'),
(185,2,'o1DVUUnFzB9qXNbqNeEwYrHgesrsf2oz','2018-03-22 07:45:54','2018-03-22 07:45:54'),
(186,2,'G0NxREj5ehWeHh7kpSpzB0LP4wjqgThE','2018-03-26 07:22:16','2018-03-26 07:22:16'),
(187,1,'GOoihqlBVThNl489nKEy5XJ9RchD2yYV','2018-03-31 22:10:46','2018-03-31 22:10:46'),
(188,2,'iQLEZquRsF0D0wmvyqeHRdrGpawYE8C2','2018-04-09 08:43:54','2018-04-09 08:43:54'),
(189,2,'X6PSfQAyLyepi3lwFvML7AYHkwQWeuy5','2018-05-07 09:15:00','2018-05-07 09:15:00'),
(190,2,'tZr0KDhba9HEq6hjLYSA3JNM9QKQXPlC','2018-05-08 10:17:11','2018-05-08 10:17:11'),
(191,2,'IUpP5qI2bs3SkwMq9ZcOTTsIuVR3HqKX','2018-05-30 09:08:32','2018-05-30 09:08:32'),
(192,2,'kDPobq6D5pVm40WD7eLQPo4hQh954UA0','2018-07-05 13:23:07','2018-07-05 13:23:07'),
(193,2,'V07alrveeErE8LScUJNivs1BljVNeNLJ','2018-07-09 10:45:24','2018-07-09 10:45:24'),
(194,2,'3WnW4d61PvRjgCiuBROIcINxbQvGWcHU','2018-07-11 13:20:42','2018-07-11 13:20:42'),
(195,2,'GneJs3nZjvU6f2KYDi6sBWTz9jkuAhxU','2018-07-16 10:11:48','2018-07-16 10:11:48'),
(196,2,'9BLEGaCuZ57N8BOxy71Sk8DRVAAR00mR','2018-07-17 10:21:15','2018-07-17 10:21:15'),
(197,2,'oSUgx2R0j5Shx3ctg4ZfcSawE7kJQ0B7','2018-07-26 08:22:48','2018-07-26 08:22:48'),
(198,2,'n4lLhjgG0fsjFlansAdIPKMX6fwQXcIg','2018-08-07 10:00:35','2018-08-07 10:00:35'),
(199,2,'R9aquq5qiCzJ3CndHM2KNdGzXJx2QfRl','2018-08-09 11:17:53','2018-08-09 11:17:53'),
(200,2,'T00vjZP7ID7nJByyCulgoilB9m43E1PR','2018-08-10 09:14:43','2018-08-10 09:14:43'),
(201,2,'7BYG5PyOlyIry5iCrriUd9xEvhN6fvGM','2018-08-20 11:49:40','2018-08-20 11:49:40'),
(202,2,'E6eCNsxgbtLOZAQE4XUr9yklVCtOvI45','2018-08-20 13:51:47','2018-08-20 13:51:47'),
(203,2,'l3dfN8pXfd5E0CnLWfjt6FluphWiYkge','2018-08-29 10:37:34','2018-08-29 10:37:34'),
(205,2,'vyMb5ppfwM2xIFBra6yqx0zGWH4cjoRW','2018-10-15 07:24:34','2018-10-15 07:24:34'),
(206,2,'eMJnjY3enyoWYdb68mDG2DN7BJSgltae','2018-10-22 09:00:04','2018-10-22 09:00:04'),
(207,2,'xKWB9BVJlTJGniOkhMdFMIx0epNxwGXr','2018-10-24 11:27:46','2018-10-24 11:27:46'),
(208,2,'6HQuqpBhOng5l9e3rHI0clfNb6iRTUuV','2018-10-29 09:27:12','2018-10-29 09:27:12'),
(209,1,'MUH3tvFAggiBMnAWEkWizIOWbU2BKhFR','2018-10-30 11:32:27','2018-10-30 11:32:27'),
(210,2,'1uYTXRkeNhF7pXRPqc70PRDkDP56w6cl','2018-11-08 09:20:20','2018-11-08 09:20:20'),
(211,1,'C8fMpBADQdn2hYR4QiQaEZn9fZ34BHi2','2018-11-10 15:51:24','2018-11-10 15:51:24'),
(212,2,'rf2UOrt78WJtoWtFmfZm85zve3seN3Su','2018-11-12 11:36:33','2018-11-12 11:36:33'),
(213,2,'OcA4q417Owha8Q3UkdshzF5Yq9igLfJj','2018-11-13 13:53:51','2018-11-13 13:53:51'),
(214,2,'6XxWr3Y8qPkDOLhOPX5zb5sfqhaCHyqY','2018-11-15 10:15:21','2018-11-15 10:15:21'),
(215,2,'Iz9Ez4wQyYZe79DT2euc5u8hpQ9mc7p9','2018-11-22 10:19:56','2018-11-22 10:19:56'),
(216,2,'bRnPEtmQSAVmwKTDJyZZ9lOcKZufM1up','2018-11-23 10:16:13','2018-11-23 10:16:13'),
(217,2,'2i9lC24IrRiW7Qbt4xwCpHpa2Xwd4An4','2018-11-26 08:20:05','2018-11-26 08:20:05'),
(218,2,'DzfBh66lpJOVp8ISTcgz8my689zAvMAK','2018-11-26 11:04:04','2018-11-26 11:04:04'),
(219,2,'4XBFfEwyvlR9All1SyOaFwVGTdXw3e0E','2018-11-27 08:23:02','2018-11-27 08:23:02'),
(220,2,'Ir6lbwbKOyev53azZJHFEZh7wgqs1BEf','2018-11-27 11:18:49','2018-11-27 11:18:49');

/*Table structure for table `reminders` */

DROP TABLE IF EXISTS `reminders`;

CREATE TABLE `reminders` (
  `id` int(10) unsigned NOT NULL AUTO_INCREMENT,
  `user_id` int(10) unsigned NOT NULL,
  `code` varchar(255) COLLATE utf8_unicode_ci NOT NULL,
  `completed` tinyint(1) NOT NULL DEFAULT 0,
  `completed_at` timestamp NULL DEFAULT NULL,
  `created_at` timestamp NULL DEFAULT NULL,
  `updated_at` timestamp NULL DEFAULT NULL,
  PRIMARY KEY (`id`)
) ENGINE=InnoDB DEFAULT CHARSET=utf8 COLLATE=utf8_unicode_ci;

/*Data for the table `reminders` */

/*Table structure for table `role_users` */

DROP TABLE IF EXISTS `role_users`;

CREATE TABLE `role_users` (
  `user_id` int(10) unsigned NOT NULL,
  `role_id` int(10) unsigned NOT NULL,
  `created_at` timestamp NULL DEFAULT NULL,
  `updated_at` timestamp NULL DEFAULT NULL,
  PRIMARY KEY (`user_id`,`role_id`)
) ENGINE=InnoDB DEFAULT CHARSET=utf8 COLLATE=utf8_unicode_ci;

/*Data for the table `role_users` */

insert  into `role_users`(`user_id`,`role_id`,`created_at`,`updated_at`) values 
(1,1,'2017-01-23 02:21:09','2017-01-23 02:21:09'),
(2,1,'2017-01-23 02:21:09','2017-01-23 02:21:09');

/*Table structure for table `roles` */

DROP TABLE IF EXISTS `roles`;

CREATE TABLE `roles` (
  `id` int(10) unsigned NOT NULL AUTO_INCREMENT,
  `slug` varchar(255) COLLATE utf8_unicode_ci NOT NULL,
  `name` varchar(255) COLLATE utf8_unicode_ci NOT NULL,
  `permissions` text COLLATE utf8_unicode_ci DEFAULT NULL,
  `created_at` timestamp NULL DEFAULT NULL,
  `updated_at` timestamp NULL DEFAULT NULL,
  PRIMARY KEY (`id`),
  UNIQUE KEY `roles_slug_unique` (`slug`)
) ENGINE=InnoDB AUTO_INCREMENT=2 DEFAULT CHARSET=utf8 COLLATE=utf8_unicode_ci;

/*Data for the table `roles` */

insert  into `roles`(`id`,`slug`,`name`,`permissions`,`created_at`,`updated_at`) values 
(1,'admin','Admin',NULL,'2017-01-23 02:21:09','2017-01-23 02:21:09');

/*Table structure for table `satuan` */

DROP TABLE IF EXISTS `satuan`;

CREATE TABLE `satuan` (
  `id` int(10) unsigned NOT NULL AUTO_INCREMENT,
  `nmsatuan` varchar(255) COLLATE utf8_unicode_ci NOT NULL,
  `created_at` timestamp NULL DEFAULT NULL,
  `updated_at` timestamp NULL DEFAULT NULL,
  PRIMARY KEY (`id`)
) ENGINE=InnoDB AUTO_INCREMENT=13 DEFAULT CHARSET=utf8 COLLATE=utf8_unicode_ci;

/*Data for the table `satuan` */

insert  into `satuan`(`id`,`nmsatuan`,`created_at`,`updated_at`) values 
(1,'Pack','2017-01-23 05:04:56','2017-01-23 05:04:56'),
(2,'Botol','2017-01-24 01:56:09','2017-01-24 01:56:09'),
(3,'Pcs','2017-01-24 01:56:49','2017-01-24 01:56:49'),
(4,'Tube','2017-01-24 02:31:56','2017-01-24 02:31:56'),
(5,'Gram','2017-01-24 02:34:13','2017-01-24 02:34:13'),
(6,'Liter','2017-01-24 02:34:23','2017-01-24 02:34:23'),
(7,'Kit','2017-01-24 02:49:26','2017-01-24 02:49:26'),
(8,'Box','2017-01-24 04:23:08','2017-01-24 04:23:08'),
(9,'Unit','2017-01-24 04:28:54','2017-01-24 04:28:54'),
(10,'Buah','2017-01-25 02:42:01','2017-01-25 02:42:01'),
(11,'Rol','2017-01-25 02:42:19','2017-01-25 02:42:19'),
(12,'Kotak','2017-01-25 02:42:41','2017-01-25 02:42:41');

/*Table structure for table `throttle` */

DROP TABLE IF EXISTS `throttle`;

CREATE TABLE `throttle` (
  `id` int(10) unsigned NOT NULL AUTO_INCREMENT,
  `user_id` int(10) unsigned DEFAULT NULL,
  `type` varchar(255) COLLATE utf8_unicode_ci NOT NULL,
  `ip` varchar(255) COLLATE utf8_unicode_ci DEFAULT NULL,
  `created_at` timestamp NULL DEFAULT NULL,
  `updated_at` timestamp NULL DEFAULT NULL,
  PRIMARY KEY (`id`),
  KEY `throttle_user_id_index` (`user_id`)
) ENGINE=InnoDB AUTO_INCREMENT=126 DEFAULT CHARSET=utf8 COLLATE=utf8_unicode_ci;

/*Data for the table `throttle` */

insert  into `throttle`(`id`,`user_id`,`type`,`ip`,`created_at`,`updated_at`) values 
(1,NULL,'global',NULL,'2017-01-25 06:10:31','2017-01-25 06:10:31'),
(2,NULL,'ip','36.84.229.124','2017-01-25 06:10:31','2017-01-25 06:10:31'),
(3,2,'user',NULL,'2017-01-25 06:10:31','2017-01-25 06:10:31'),
(4,NULL,'global',NULL,'2017-01-26 02:01:43','2017-01-26 02:01:43'),
(5,NULL,'ip','36.84.229.124','2017-01-26 02:01:43','2017-01-26 02:01:43'),
(6,2,'user',NULL,'2017-01-26 02:01:43','2017-01-26 02:01:43'),
(7,NULL,'global',NULL,'2017-02-02 03:11:06','2017-02-02 03:11:06'),
(8,NULL,'ip','180.241.237.66','2017-02-02 03:11:06','2017-02-02 03:11:06'),
(9,2,'user',NULL,'2017-02-02 03:11:06','2017-02-02 03:11:06'),
(10,NULL,'global',NULL,'2017-03-04 02:09:34','2017-03-04 02:09:34'),
(11,NULL,'ip','36.68.62.51','2017-03-04 02:09:34','2017-03-04 02:09:34'),
(12,2,'user',NULL,'2017-03-04 02:09:34','2017-03-04 02:09:34'),
(13,NULL,'global',NULL,'2017-03-08 02:30:07','2017-03-08 02:30:07'),
(14,NULL,'ip','114.125.52.228','2017-03-08 02:30:07','2017-03-08 02:30:07'),
(15,2,'user',NULL,'2017-03-08 02:30:07','2017-03-08 02:30:07'),
(16,NULL,'global',NULL,'2017-03-17 03:26:44','2017-03-17 03:26:44'),
(17,NULL,'ip','180.241.225.108','2017-03-17 03:26:44','2017-03-17 03:26:44'),
(18,2,'user',NULL,'2017-03-17 03:26:44','2017-03-17 03:26:44'),
(19,NULL,'global',NULL,'2017-03-17 03:27:24','2017-03-17 03:27:24'),
(20,NULL,'ip','180.241.225.108','2017-03-17 03:27:24','2017-03-17 03:27:24'),
(21,2,'user',NULL,'2017-03-17 03:27:24','2017-03-17 03:27:24'),
(22,NULL,'global',NULL,'2017-03-17 03:27:44','2017-03-17 03:27:44'),
(23,NULL,'ip','180.241.225.108','2017-03-17 03:27:44','2017-03-17 03:27:44'),
(24,2,'user',NULL,'2017-03-17 03:27:44','2017-03-17 03:27:44'),
(25,NULL,'global',NULL,'2017-03-27 03:36:17','2017-03-27 03:36:17'),
(26,NULL,'ip','36.68.70.84','2017-03-27 03:36:17','2017-03-27 03:36:17'),
(27,NULL,'global',NULL,'2017-04-04 01:27:46','2017-04-04 01:27:46'),
(28,NULL,'ip','36.69.2.221','2017-04-04 01:27:46','2017-04-04 01:27:46'),
(29,2,'user',NULL,'2017-04-04 01:27:46','2017-04-04 01:27:46'),
(30,NULL,'global',NULL,'2017-04-27 03:02:18','2017-04-27 03:02:18'),
(31,NULL,'ip','36.68.74.67','2017-04-27 03:02:18','2017-04-27 03:02:18'),
(32,NULL,'global',NULL,'2017-05-03 03:40:54','2017-05-03 03:40:54'),
(33,NULL,'ip','110.137.80.40','2017-05-03 03:40:54','2017-05-03 03:40:54'),
(34,NULL,'global',NULL,'2017-05-03 03:41:52','2017-05-03 03:41:52'),
(35,NULL,'ip','110.137.80.40','2017-05-03 03:41:52','2017-05-03 03:41:52'),
(36,NULL,'global',NULL,'2017-05-03 03:43:13','2017-05-03 03:43:13'),
(37,NULL,'ip','110.137.80.40','2017-05-03 03:43:13','2017-05-03 03:43:13'),
(38,NULL,'global',NULL,'2017-05-03 03:43:40','2017-05-03 03:43:40'),
(39,NULL,'ip','110.137.80.40','2017-05-03 03:43:40','2017-05-03 03:43:40'),
(40,NULL,'global',NULL,'2017-05-24 02:51:00','2017-05-24 02:51:00'),
(41,NULL,'ip','36.68.75.168','2017-05-24 02:51:00','2017-05-24 02:51:00'),
(42,NULL,'global',NULL,'2017-06-13 03:10:58','2017-06-13 03:10:58'),
(43,NULL,'ip','103.212.43.130','2017-06-13 03:10:58','2017-06-13 03:10:58'),
(44,2,'user',NULL,'2017-06-13 03:10:58','2017-06-13 03:10:58'),
(45,NULL,'global',NULL,'2017-07-18 02:48:02','2017-07-18 02:48:02'),
(46,NULL,'ip','36.77.89.28','2017-07-18 02:48:02','2017-07-18 02:48:02'),
(47,NULL,'global',NULL,'2017-07-31 01:42:14','2017-07-31 01:42:14'),
(48,NULL,'ip','180.241.191.249','2017-07-31 01:42:14','2017-07-31 01:42:14'),
(49,2,'user',NULL,'2017-07-31 01:42:14','2017-07-31 01:42:14'),
(50,NULL,'global',NULL,'2017-08-21 03:35:38','2017-08-21 03:35:38'),
(51,NULL,'ip','36.68.77.209','2017-08-21 03:35:38','2017-08-21 03:35:38'),
(52,NULL,'global',NULL,'2017-09-05 02:46:48','2017-09-05 02:46:48'),
(53,NULL,'ip','36.69.13.204','2017-09-05 02:46:48','2017-09-05 02:46:48'),
(54,2,'user',NULL,'2017-09-05 02:46:48','2017-09-05 02:46:48'),
(55,NULL,'global',NULL,'2017-09-14 03:24:43','2017-09-14 03:24:43'),
(56,NULL,'ip','36.68.52.109','2017-09-14 03:24:43','2017-09-14 03:24:43'),
(57,NULL,'global',NULL,'2017-09-25 00:54:31','2017-09-25 00:54:31'),
(58,NULL,'ip','36.69.0.30','2017-09-25 00:54:31','2017-09-25 00:54:31'),
(59,NULL,'global',NULL,'2017-09-25 05:41:37','2017-09-25 05:41:37'),
(60,NULL,'ip','36.69.0.30','2017-09-25 05:41:37','2017-09-25 05:41:37'),
(61,2,'user',NULL,'2017-09-25 05:41:37','2017-09-25 05:41:37'),
(62,NULL,'global',NULL,'2017-09-28 04:20:46','2017-09-28 04:20:46'),
(63,NULL,'ip','36.68.59.85','2017-09-28 04:20:46','2017-09-28 04:20:46'),
(64,NULL,'global',NULL,'2017-10-23 02:25:09','2017-10-23 02:25:09'),
(65,NULL,'ip','125.165.124.104','2017-10-23 02:25:09','2017-10-23 02:25:09'),
(66,2,'user',NULL,'2017-10-23 02:25:09','2017-10-23 02:25:09'),
(67,NULL,'global',NULL,'2017-10-30 02:45:38','2017-10-30 02:45:38'),
(68,NULL,'ip','110.137.88.95','2017-10-30 02:45:38','2017-10-30 02:45:38'),
(69,2,'user',NULL,'2017-10-30 02:45:38','2017-10-30 02:45:38'),
(70,NULL,'global',NULL,'2017-10-30 02:45:54','2017-10-30 02:45:54'),
(71,NULL,'ip','110.137.88.95','2017-10-30 02:45:54','2017-10-30 02:45:54'),
(72,2,'user',NULL,'2017-10-30 02:45:54','2017-10-30 02:45:54'),
(73,NULL,'global',NULL,'2017-11-27 03:30:09','2017-11-27 03:30:09'),
(74,NULL,'ip','36.77.89.123','2017-11-27 03:30:09','2017-11-27 03:30:09'),
(75,2,'user',NULL,'2017-11-27 03:30:09','2017-11-27 03:30:09'),
(76,NULL,'global',NULL,'2017-12-05 03:02:21','2017-12-05 03:02:21'),
(77,NULL,'ip','36.69.6.69','2017-12-05 03:02:21','2017-12-05 03:02:21'),
(78,2,'user',NULL,'2017-12-05 03:02:21','2017-12-05 03:02:21'),
(79,NULL,'global',NULL,'2017-12-05 03:08:30','2017-12-05 03:08:30'),
(80,NULL,'ip','36.69.6.69','2017-12-05 03:08:30','2017-12-05 03:08:30'),
(81,2,'user',NULL,'2017-12-05 03:08:30','2017-12-05 03:08:30'),
(82,NULL,'global',NULL,'2017-12-09 07:19:54','2017-12-09 07:19:54'),
(83,NULL,'ip','36.84.229.114','2017-12-09 07:19:54','2017-12-09 07:19:54'),
(84,1,'user',NULL,'2017-12-09 07:19:54','2017-12-09 07:19:54'),
(85,NULL,'global',NULL,'2017-12-09 07:20:29','2017-12-09 07:20:29'),
(86,NULL,'ip','36.84.229.114','2017-12-09 07:20:29','2017-12-09 07:20:29'),
(87,1,'user',NULL,'2017-12-09 07:20:29','2017-12-09 07:20:29'),
(88,NULL,'global',NULL,'2017-12-12 03:26:16','2017-12-12 03:26:16'),
(89,NULL,'ip','125.162.70.151','2017-12-12 03:26:16','2017-12-12 03:26:16'),
(90,2,'user',NULL,'2017-12-12 03:26:16','2017-12-12 03:26:16'),
(91,NULL,'global',NULL,'2017-12-12 03:39:02','2017-12-12 03:39:02'),
(92,NULL,'ip','125.162.70.151','2017-12-12 03:39:02','2017-12-12 03:39:02'),
(93,2,'user',NULL,'2017-12-12 03:39:02','2017-12-12 03:39:02'),
(94,NULL,'global',NULL,'2017-12-13 06:35:52','2017-12-13 06:35:52'),
(95,NULL,'ip','180.241.244.69','2017-12-13 06:35:52','2017-12-13 06:35:52'),
(96,2,'user',NULL,'2017-12-13 06:35:52','2017-12-13 06:35:52'),
(97,NULL,'global',NULL,'2017-12-16 04:43:55','2017-12-16 04:43:55'),
(98,NULL,'ip','223.255.227.28','2017-12-16 04:43:55','2017-12-16 04:43:55'),
(99,2,'user',NULL,'2017-12-16 04:43:55','2017-12-16 04:43:55'),
(100,NULL,'global',NULL,'2017-12-18 00:38:59','2017-12-18 00:38:59'),
(101,NULL,'ip','110.137.100.181','2017-12-18 00:38:59','2017-12-18 00:38:59'),
(102,NULL,'global',NULL,'2017-12-18 08:33:44','2017-12-18 08:33:44'),
(103,NULL,'ip','36.68.72.182','2017-12-18 08:33:44','2017-12-18 08:33:44'),
(104,2,'user',NULL,'2017-12-18 08:33:44','2017-12-18 08:33:44'),
(105,NULL,'global',NULL,'2017-12-19 01:05:24','2017-12-19 01:05:24'),
(106,NULL,'ip','36.68.72.182','2017-12-19 01:05:24','2017-12-19 01:05:24'),
(107,NULL,'global',NULL,'2017-12-20 01:14:01','2017-12-20 01:14:01'),
(108,NULL,'ip','110.137.90.70','2017-12-20 01:14:01','2017-12-20 01:14:01'),
(109,2,'user',NULL,'2017-12-20 01:14:01','2017-12-20 01:14:01'),
(110,NULL,'global',NULL,'2017-12-22 07:26:56','2017-12-22 07:26:56'),
(111,NULL,'ip','125.165.125.83','2017-12-22 07:26:56','2017-12-22 07:26:56'),
(112,2,'user',NULL,'2017-12-22 07:26:56','2017-12-22 07:26:56'),
(113,NULL,'global',NULL,'2018-03-26 07:21:59','2018-03-26 07:21:59'),
(114,NULL,'ip','36.69.7.179','2018-03-26 07:21:59','2018-03-26 07:21:59'),
(115,2,'user',NULL,'2018-03-26 07:21:59','2018-03-26 07:21:59'),
(116,NULL,'global',NULL,'2018-04-02 03:02:47','2018-04-02 03:02:47'),
(117,NULL,'ip','36.84.229.34','2018-04-02 03:02:47','2018-04-02 03:02:47'),
(118,NULL,'global',NULL,'2018-10-22 08:59:36','2018-10-22 08:59:36'),
(119,NULL,'ip','180.241.237.101','2018-10-22 08:59:36','2018-10-22 08:59:36'),
(120,NULL,'global',NULL,'2018-11-10 15:49:36','2018-11-10 15:49:36'),
(121,NULL,'ip','180.241.240.4','2018-11-10 15:49:36','2018-11-10 15:49:36'),
(122,2,'user',NULL,'2018-11-10 15:49:36','2018-11-10 15:49:36'),
(123,NULL,'global',NULL,'2018-11-10 15:50:50','2018-11-10 15:50:50'),
(124,NULL,'ip','180.241.240.4','2018-11-10 15:50:50','2018-11-10 15:50:50'),
(125,1,'user',NULL,'2018-11-10 15:50:50','2018-11-10 15:50:50');

/*Table structure for table `users` */

DROP TABLE IF EXISTS `users`;

CREATE TABLE `users` (
  `id` int(10) unsigned NOT NULL AUTO_INCREMENT,
  `email` varchar(255) COLLATE utf8_unicode_ci NOT NULL,
  `password` varchar(255) COLLATE utf8_unicode_ci NOT NULL,
  `permissions` text COLLATE utf8_unicode_ci DEFAULT NULL,
  `last_login` timestamp NULL DEFAULT NULL,
  `first_name` varchar(255) COLLATE utf8_unicode_ci DEFAULT NULL,
  `last_name` varchar(255) COLLATE utf8_unicode_ci DEFAULT NULL,
  `created_at` timestamp NULL DEFAULT NULL,
  `updated_at` timestamp NULL DEFAULT NULL,
  PRIMARY KEY (`id`),
  UNIQUE KEY `users_email_unique` (`email`)
) ENGINE=InnoDB AUTO_INCREMENT=3 DEFAULT CHARSET=utf8 COLLATE=utf8_unicode_ci;

/*Data for the table `users` */

insert  into `users`(`id`,`email`,`password`,`permissions`,`last_login`,`first_name`,`last_name`,`created_at`,`updated_at`) values 
(1,'admin@anbiotek.co.id','$2y$10$bE/1m.1sazNgxaN8kaalg.LsDG3BkX9h.IiVNVtpmx/3IB9QKZrNe',NULL,'2018-11-10 15:51:24','Anbiotek','Administrator','2017-01-23 02:21:08','2018-11-10 15:51:24'),
(2,'deritandespi@gmail.com','$2y$10$NVslQNvmQN3Uoy2Z6WTRXeqCxDpefKsR4kii0aQHKKrvpBKn12cP6',NULL,'2018-11-27 11:18:49','Duratun','Nasihin','2017-01-23 02:21:09','2018-11-27 11:18:49');

/*!40101 SET SQL_MODE=@OLD_SQL_MODE */;
/*!40014 SET FOREIGN_KEY_CHECKS=@OLD_FOREIGN_KEY_CHECKS */;
/*!40014 SET UNIQUE_CHECKS=@OLD_UNIQUE_CHECKS */;
/*!40111 SET SQL_NOTES=@OLD_SQL_NOTES */;
